Workbook

Sheet Colores
A1: HEX | B1: R | C1: G | D1: B | E1: Color
A2: #ee6261 | B2: 238 | C2: 98 | D2: 97
A3: #f3a960 | B3: 243 | C3: 169 | D3: 96
A4: #1e5b78 | B4: 30 | C4: 91 | D4: 120
A5: #164a60 | B5: 22 | C5: 74 | D5: 96
A6: #468a97 | B6: 70 | C6: 138 | D6: 151

Sheet Síntesis
A3: Empleo (mes) | E3: Empleo (abril)
A4: Privado | B4: ='T.2.2'!L180/1000 -> -9.059 | E4: Privado | F4: ='T.2.2'!R180/1000 -> -2.1152276e-06
A5: Público | B5: ='T.2.2'!M180/1000 -> 0.736 | E5: Público | F5: ='T.2.2'!S180/1000 -> -323.984
A6: Casas particulares | B6: ='T.2.2'!N180/1000 -> 1.352 | E6: Casas particulares | F6: ='T.2.2'!T180/1000 -> -3.1321731e-05
A7: Total | B7: ='T.2.2'!K180/1000 -> -6.971 | E7: Total | F7: ='T.2.2'!Q180/1000 -> -21.239
A9: Salario mínimo (mes) | B9: -0.005 | E9: Salario mínimo (junio) | F9: 0.001
A11: Salario promedio (mes) | B11: =A.4!L202 -> 0.0060678594 | E11: Salario promedio (abril) | F11: =A.4!R199 -> 0
A14: Empleo (abril)
A15: Privado | B15: ='T.2.2'!L180 -> -9059
A16: Público | B16: ='T.2.2'!M180 -> 736
A17: Casas particulares | B17: ='T.2.2'!N180 -> 1352
A18: Total | B18: ='T.2.2'!K180 -> -6971
A20: Salario mínimo (junio) | B20: 0.001
A22: Salario promedio (abril) | B22: =A.4!L199 -> -0.020910365

Sheet T.2.2
A1: Personas con trabajo registrado según modalidad ocupacional principal. Sin estacionalidad | Q1: Asalariados totales | V1: Asalariados privados | AA1: Asalariados públicos | AF1: Asalariados de casas particulares
A2: Período | B2: Empleo asalariado en el sector privado | C2: Empleo asalariado en el sector público | D2: Empleo en casas particulares | E2: Trabajo Independientes Autónomos | F2: Trabajo Independientes Monotributo | G2: Trabajo Independientes Monotributo Social | H2: Total | K2: Total asalariados | L2: Asalariados privados | M2: Asalariados públicos | N2: Casas particulares | O2: No asalariados | Q2: Var. Mensual absoluta | R2: Var. Mensual % | S2: Var. Mensual respecto max abs () | T2: Var. Mensual respecto max % | V2: Var. Mensual absoluta | W2: Var. Mensual % | X2: Var. Mensual respecto max abs () | Y2: Var. Mensual respecto max % | AA2: Var. Mensual absoluta | AB2: Var. Mensual % | AC2: Var. Mensual respecto max abs () | AD2: Var. Mensual respecto max % | AF2: Var. Mensual absoluta | AG2: Var. Mensual % | AH2: Var. Mensual respecto max abs () | AI2: Var. Mensual respecto max %
A3: 40909 | B3: 6068.216 | C3: 2549.861 | D3: 389.749 | E3: 408.233 | F3: 1314.711 | G3: 167.762 | H3: =+SUM(B3:G3) -> 10898.532 | J3: =A3 -> 40909 | K3: =B3+C3+D3 -> 9007.826 | L3: =B3 -> 6068.216 | M3: =C3 -> 2549.861 | N3: =D3 -> 389.749 | O3: =E3+F3+G3 -> 1890.706
A4: 40940 | B4: 6062.094 | C4: 2610.443 | D4: 390.329 | E4: 408.144 | F4: 1314.532 | G4: 168.913 | H4: =+SUM(B4:G4) -> 10954.455 | J4: =A4 -> 40940 | K4: =B4+C4+D4 -> 9062.866 | L4: =B4 -> 6062.094 | M4: =C4 -> 2610.443 | N4: =D4 -> 390.329 | O4: =E4+F4+G4 -> 1891.589 | Q4: =(K4-K3)*1000 -> 55040 | R4: =K4/K3-1 -> 0.0061102424 | V4: =(L4-L3)*1000 -> -6122 | W4: =L4/L3-1 -> -0.0010088632 | AA4: =(M4-M3)*1000 -> 60582 | AB4: =M4/M3-1 -> 0.023758942 | AF4: =(N4-N3)*1000 -> 580 | AG4: =N4/N3-1 -> 0.0014881372
A5: 40969 | B5: 6072.366 | C5: 2622.473 | D5: 390.324 | E5: 407.754 | F5: 1314.626 | G5: 170.047 | H5: =+SUM(B5:G5) -> 10977.59 | J5: =A5 -> 40969 | K5: =B5+C5+D5 -> 9085.163 | L5: =B5 -> 6072.366 | M5: =C5 -> 2622.473 | N5: =D5 -> 390.324 | O5: =E5+F5+G5 -> 1892.427 | Q5: =(K5-K4)*1000 -> 22297 | R5: =K5/K4-1 -> 0.0024602593 | V5: =(L5-L4)*1000 -> 10272 | W5: =L5/L4-1 -> 0.001694464 | AA5: =(M5-M4)*1000 -> 12030 | AB5: =M5/M4-1 -> 0.0046084132 | AF5: =(N5-N4)*1000 -> -5 | AG5: =N5/N4-1 -> -1.2809707e-05
A6: 41000 | B6: 6055.303 | C6: 2625.352 | D6: 391.723 | E6: 408.092 | F6: 1317.796 | G6: 172.512 | H6: =+SUM(B6:G6) -> 10970.778 | J6: =A6 -> 41000 | K6: =B6+C6+D6 -> 9072.378 | L6: =B6 -> 6055.303 | M6: =C6 -> 2625.352 | N6: =D6 -> 391.723 | O6: =E6+F6+G6 -> 1898.4 | Q6: =(K6-K5)*1000 -> -12785 | R6: =K6/K5-1 -> -0.0014072395 | V6: =(L6-L5)*1000 -> -17063 | W6: =L6/L5-1 -> -0.0028099426 | AA6: =(M6-M5)*1000 -> 2879 | AB6: =M6/M5-1 -> 0.0010978187 | AF6: =(N6-N5)*1000 -> 1399 | AG6: =N6/N5-1 -> 0.0035842018
A7: 41030 | B7: 6065.665 | C7: 2597.908 | D7: 393.058 | E7: 408.112 | F7: 1321.841 | G7: 172.926 | H7: =+SUM(B7:G7) -> 10959.51 | J7: =A7 -> 41030 | K7: =B7+C7+D7 -> 9056.631 | L7: =B7 -> 6065.665 | M7: =C7 -> 2597.908 | N7: =D7 -> 393.058 | O7: =E7+F7+G7 -> 1902.879 | Q7: =(K7-K6)*1000 -> -15747 | R7: =K7/K6-1 -> -0.0017357081 | V7: =(L7-L6)*1000 -> 10362 | W7: =L7/L6-1 -> 0.0017112273 | AA7: =(M7-M6)*1000 -> -27444 | AB7: =M7/M6-1 -> -0.010453455 | AF7: =(N7-N6)*1000 -> 1335 | AG7: =N7/N6-1 -> 0.0034080205
A8: 41061 | B8: 6065.234 | C8: 2632.424 | D8: 394.674 | E8: 408.661 | F8: 1332.556 | G8: 174.563 | H8: =+SUM(B8:G8) -> 11008.112 | J8: =A8 -> 41061 | K8: =B8+C8+D8 -> 9092.332 | L8: =B8 -> 6065.234 | M8: =C8 -> 2632.424 | N8: =D8 -> 394.674 | O8: =E8+F8+G8 -> 1915.78 | Q8: =(K8-K7)*1000 -> 35701 | R8: =K8/K7-1 -> 0.0039419736 | V8: =(L8-L7)*1000 -> -431 | W8: =L8/L7-1 -> -7.1055688e-05 | AA8: =(M8-M7)*1000 -> 34516 | AB8: =M8/M7-1 -> 0.013286075 | AF8: =(N8-N7)*1000 -> 1616 | AG8: =N8/N7-1 -> 0.0041113525
A9: 41091 | B9: 6063.151 | C9: 2628.807 | D9: 395.905 | E9: 408.636 | F9: 1342.079 | G9: 178.134 | H9: =+SUM(B9:G9) -> 11016.712 | J9: =A9 -> 41091 | K9: =B9+C9+D9 -> 9087.863 | L9: =B9 -> 6063.151 | M9: =C9 -> 2628.807 | N9: =D9 -> 395.905 | O9: =E9+F9+G9 -> 1928.849 | Q9: =(K9-K8)*1000 -> -4469 | R9: =K9/K8-1 -> -0.00049151307 | V9: =(L9-L8)*1000 -> -2083 | W9: =L9/L8-1 -> -0.00034343275 | AA9: =(M9-M8)*1000 -> -3617 | AB9: =M9/M8-1 -> -0.0013740188 | AF9: =(N9-N8)*1000 -> 1231 | AG9: =N9/N8-1 -> 0.0031190299
A10: 41122 | B10: 6059.961 | C10: 2636.891 | D10: 397.548 | E10: 408.273 | F10: 1346.925 | G10: 179.842 | H10: =+SUM(B10:G10) -> 11029.44 | J10: =A10 -> 41122 | K10: =B10+C10+D10 -> 9094.4 | L10: =B10 -> 6059.961 | M10: =C10 -> 2636.891 | N10: =D10 -> 397.548 | O10: =E10+F10+G10 -> 1935.04 | Q10: =(K10-K9)*1000 -> 6537 | R10: =K10/K9-1 -> 0.00071931102 | V10: =(L10-L9)*1000 -> -3190 | W10: =L10/L9-1 -> -0.00052612907 | AA10: =(M10-M9)*1000 -> 8084 | AB10: =M10/M9-1 -> 0.0030751592 | AF10: =(N10-N9)*1000 -> 1643 | AG10: =N10/N9-1 -> 0.0041499855
A11: 41153 | B11: 6058.538 | C11: 2632.422 | D11: 398.647 | E11: 408.255 | F11: 1352.378 | G11: 182.364 | H11: =+SUM(B11:G11) -> 11032.604 | J11: =A11 -> 41153 | K11: =B11+C11+D11 -> 9089.607 | L11: =B11 -> 6058.538 | M11: =C11 -> 2632.422 | N11: =D11 -> 398.647 | O11: =E11+F11+G11 -> 1942.997 | Q11: =(K11-K10)*1000 -> -4793 | R11: =K11/K10-1 -> -0.00052702762 | V11: =(L11-L10)*1000 -> -1423 | W11: =L11/L10-1 -> -0.00023481999 | AA11: =(M11-M10)*1000 -> -4469 | AB11: =M11/M10-1 -> -0.0016947989 | AF11: =(N11-N10)*1000 -> 1099 | AG11: =N11/N10-1 -> 0.0027644461
A12: 41183 | B12: 6063.41 | C12: 2640.629 | D12: 399.694 | E12: 408.282 | F12: 1360.189 | G12: 183.254 | H12: =+SUM(B12:G12) -> 11055.458 | J12: =A12 -> 41183 | K12: =B12+C12+D12 -> 9103.733 | L12: =B12 -> 6063.41 | M12: =C12 -> 2640.629 | N12: =D12 -> 399.694 | O12: =E12+F12+G12 -> 1951.725 | Q12: =(K12-K11)*1000 -> 14126 | R12: =K12/K11-1 -> 0.0015540826 | V12: =(L12-L11)*1000 -> 4872 | W12: =L12/L11-1 -> 0.0008041544 | AA12: =(M12-M11)*1000 -> 8207 | AB12: =M12/M11-1 -> 0.0031176612 | AF12: =(N12-N11)*1000 -> 1047 | AG12: =N12/N11-1 -> 0.0026263837
A13: 41214 | B13: 6068.999 | C13: 2655.904 | D13: 401.083 | E13: 408.979 | F13: 1365.476 | G13: 184.774 | H13: =+SUM(B13:G13) -> 11085.215 | J13: =A13 -> 41214 | K13: =B13+C13+D13 -> 9125.986 | L13: =B13 -> 6068.999 | M13: =C13 -> 2655.904 | N13: =D13 -> 401.083 | O13: =E13+F13+G13 -> 1959.229 | Q13: =(K13-K12)*1000 -> 22253 | R13: =K13/K12-1 -> 0.0024443819 | V13: =(L13-L12)*1000 -> 5589 | W13: =L13/L12-1 -> 0.00092175855 | AA13: =(M13-M12)*1000 -> 15275 | AB13: =M13/M12-1 -> 0.0057846066 | AF13: =(N13-N12)*1000 -> 1389 | AG13: =N13/N12-1 -> 0.0034751585
A14: 41244 | B14: 6090.752 | C14: 2658.476 | D14: 402.216 | E14: 409.964 | F14: 1364.714 | G14: 186.953 | H14: =+SUM(B14:G14) -> 11113.075 | J14: =A14 -> 41244 | K14: =B14+C14+D14 -> 9151.444 | L14: =B14 -> 6090.752 | M14: =C14 -> 2658.476 | N14: =D14 -> 402.216 | O14: =E14+F14+G14 -> 1961.631 | Q14: =(K14-K13)*1000 -> 25458 | R14: =K14/K13-1 -> 0.0027896164 | V14: =(L14-L13)*1000 -> 21753 | W14: =L14/L13-1 -> 0.0035842814 | AA14: =(M14-M13)*1000 -> 2572 | AB14: =M14/M13-1 -> 0.0009684085 | AF14: =(N14-N13)*1000 -> 1133 | AG14: =N14/N13-1 -> 0.0028248517
A15: 41275 | B15: 6090.41 | C15: 2714.192 | D15: 407.944 | E15: 411.077 | F15: 1370.088 | G15: 187.364 | H15: =+SUM(B15:G15) -> 11181.075 | J15: =A15 -> 41275 | K15: =B15+C15+D15 -> 9212.546 | L15: =B15 -> 6090.41 | M15: =C15 -> 2714.192 | N15: =D15 -> 407.944 | O15: =E15+F15+G15 -> 1968.529 | Q15: =(K15-K14)*1000 -> 61102 | R15: =K15/K14-1 -> 0.0066767605 | V15: =(L15-L14)*1000 -> -342 | W15: =L15/L14-1 -> -5.6150702e-05 | AA15: =(M15-M14)*1000 -> 55716 | AB15: =M15/M14-1 -> 0.020957872 | AF15: =(N15-N14)*1000 -> 5728 | AG15: =N15/N14-1 -> 0.014241104
... A141: 45108 | B141: 6404.813 | C141: 3458.199 | D141: 467.962 | E141: 407.324 | F141: 1984.376 | G141: 612.028 | H141: =+SUM(B141:G141) -> 13334.702 | J141: =A141 -> 45108 | K141: =B141+C141+D141 -> 10330.974 | L141: =B141 -> 6404.813 | M141: =C141 -> 3458.199 | N141: =D141 -> 467.962 | O141: =E141+F141+G141 -> 3003.728 | Q141: =(K141-K140)*1000 -> 26126 | R141: =K141/K140-1 -> 0.0025353115 | V141: =(L141-L140)*1000 -> 18751 | W141: =L141/L140-1 -> 0.0029362383 | AA141: =(M141-M140)*1000 -> 7261 | AB141: =M141/M140-1 -> 0.0021040656 | AF141: =(N141-N140)*1000 -> 114 | AG141: =N141/N140-1 -> 0.00024366888
A142: 45139 | B142: 6408.136 | C142: 3467.835 | D142: 467.774 | E142: 409.266 | F142: 2017.037 | G142: 594.985 | H142: =+SUM(B142:G142) -> 13365.033 | J142: =A142 -> 45139 | K142: =B142+C142+D142 -> 10343.745 | L142: =B142 -> 6408.136 | M142: =C142 -> 3467.835 | N142: =D142 -> 467.774 | O142: =E142+F142+G142 -> 3021.288 | Q142: =(K142-K141)*1000 -> 12771 | R142: =K142/K141-1 -> 0.0012361855 | S142: =(K142-$K$142)*1000 -> 0 | T142: =K142/$K$142-1 -> 0 | V142: =(L142-L141)*1000 -> 3323 | W142: =L142/L141-1 -> 0.00051882857 | X142: =(L142-$L$142)*1000 -> 0 | Y142: =L142/$L$142-1 -> 0 | AA142: =(M142-M141)*1000 -> 9636 | AB142: =M142/M141-1 -> 0.0027864215 | AF142: =(N142-N141)*1000 -> -188 | AG142: =N142/N141-1 -> -0.00040174202
A143: 45170 | B143: 6393.259 | C143: 3466.33 | D143: 468.056 | E143: 410.947 | F143: 2010.057 | G143: 623.271 | H143: =+SUM(B143:G143) -> 13371.92 | J143: =A143 -> 45170 | K143: =B143+C143+D143 -> 10327.645 | L143: =B143 -> 6393.259 | M143: =C143 -> 3466.33 | N143: =D143 -> 468.056 | O143: =E143+F143+G143 -> 3044.275 | Q143: =(K143-K142)*1000 -> -16100 | R143: =K143/K142-1 -> -0.0015564962 | S143: =(K143-$K$142)*1000 -> -16100 | T143: =K143/$K$142-1 -> -0.0015564962 | V143: =(L143-L142)*1000 -> -14877 | W143: =L143/L142-1 -> -0.0023215799 | X143: =(L143-$L$142)*1000 -> -14877 | Y143: =L143/$L$142-1 -> -0.0023215799 | AA143: =(M143-M142)*1000 -> -1505 | AB143: =M143/M142-1 -> -0.00043398835 | AF143: =(N143-N142)*1000 -> 282 | AG143: =N143/N142-1 -> 0.00060285522
A144: 45200 | B144: 6380.831 | C144: 3467.948 | D144: 466.505 | E144: 410.553 | F144: 2042.447 | G144: 605.915 | H144: =+SUM(B144:G144) -> 13374.199 | J144: =A144 -> 45200 | K144: =B144+C144+D144 -> 10315.284 | L144: =B144 -> 6380.831 | M144: =C144 -> 3467.948 | N144: =D144 -> 466.505 | O144: =E144+F144+G144 -> 3058.915 | Q144: =(K144-K143)*1000 -> -12361 | R144: =K144/K143-1 -> -0.0011968847 | S144: =(K144-$K$142)*1000 -> -28461 | T144: =K144/$K$142-1 -> -0.0027515179 | V144: =(L144-L143)*1000 -> -12428 | W144: =L144/L143-1 -> -0.0019439225 | X144: =(L144-$L$142)*1000 -> -27305 | Y144: =L144/$L$142-1 -> -0.0042609895 | AA144: =(M144-M143)*1000 -> 1618 | AB144: =M144/M143-1 -> 0.0004667761 | AF144: =(N144-N143)*1000 -> -1551 | AG144: =N144/N143-1 -> -0.0033137061
A145: 45231 | B145: 6372.697 | C145: 3467.374 | D145: 464.279 | E145: 388.327 | F145: 2037.762 | G145: 634.72 | H145: =+SUM(B145:G145) -> 13365.159 | J145: =A145 -> 45231 | K145: =B145+C145+D145 -> 10304.35 | L145: =B145 -> 6372.697 | M145: =C145 -> 3467.374 | N145: =D145 -> 464.279 | O145: =E145+F145+G145 -> 3060.809 | Q145: =(K145-K144)*1000 -> -10934 | R145: =K145/K144-1 -> -0.0010599805 | S145: =(K145-$K$142)*1000 -> -39395 | T145: =K145/$K$142-1 -> -0.0038085819 | V145: =(L145-L144)*1000 -> -8134 | W145: =L145/L144-1 -> -0.0012747556 | X145: =(L145-$L$142)*1000 -> -35439 | Y145: =L145/$L$142-1 -> -0.0055303133 | AA145: =(M145-M144)*1000 -> -574 | AB145: =M145/M144-1 -> -0.00016551575 | AF145: =(N145-N144)*1000 -> -2226 | AG145: =N145/N144-1 -> -0.004771653 | AH145: =(N145-$N$177)*1000 -> -35964
A146: 45261 | B146: 6361.318 | C146: 3474.461 | D146: 462.01 | E146: 383.692 | F146: 2044.814 | G146: 637.406 | H146: =+SUM(B146:G146) -> 13363.701 | J146: =A146 -> 45261 | K146: =B146+C146+D146 -> 10297.789 | L146: =B146 -> 6361.318 | M146: =C146 -> 3474.461 | N146: =D146 -> 462.01 | O146: =E146+F146+G146 -> 3065.912 | Q146: =(K146-K145)*1000 -> -6561 | R146: =K146/K145-1 -> -0.00063672138 | S146: =(K146-$K$142)*1000 -> -45956 | T146: =K146/$K$142-1 -> -0.0044428783 | V146: =(L146-L145)*1000 -> -11379 | W146: =L146/L145-1 -> -0.0017855862 | X146: =(L146-$L$142)*1000 -> -46818 | Y146: =L146/$L$142-1 -> -0.0073060247 | AA146: =(M146-M145)*1000 -> 7087 | AB146: =M146/M145-1 -> 0.0020439099 | AC146: =(M146-$M$146)*1000 -> 0 | AD146: =M146/$M$146-1 -> 0 | AF146: =(N146-N145)*1000 -> -2269 | AG146: =N146/N145-1 -> -0.0048871476 | AH146: =(N146-$N$177)*1000 -> -38233 | AI146: =N146/$N$177-1 -> -0.076428856
A147: 45292 | B147: 6326.652 | C147: 3443.415 | D147: 459.719 | E147: 384.522 | F147: 2064.337 | G147: 648.302 | H147: =+SUM(B147:G147) -> 13326.947 | J147: =A147 -> 45292 | K147: =B147+C147+D147 -> 10229.786 | L147: =B147 -> 6326.652 | M147: =C147 -> 3443.415 | N147: =D147 -> 459.719 | O147: =E147+F147+G147 -> 3097.161 | Q147: =(K147-K146)*1000 -> -68003 | R147: =K147/K146-1 -> -0.0066036506 | S147: =(K147-$K$142)*1000 -> -113959 | T147: =K147/$K$142-1 -> -0.01101719 | V147: =(L147-L146)*1000 -> -34666 | W147: =L147/L146-1 -> -0.0054494996 | X147: =(L147-$L$142)*1000 -> -81484 | Y147: =L147/$L$142-1 -> -0.01271571 | AA147: =(M147-M146)*1000 -> -31046 | AB147: =M147/M146-1 -> -0.0089354867 | AC147: =(M147-$M$146)*1000 -> -31046 | AD147: =M147/$M$146-1 -> -0.0089354867 | AF147: =(N147-N146)*1000 -> -2291 | AG147: =N147/N146-1 -> -0.0049587671 | AH147: =(N147-$N$177)*1000 -> -40524 | AI147: =N147/$N$177-1 -> -0.08100863
A148: 45323 | B148: 6300.738 | C148: 3443.51 | D148: 457.521 | E148: 407.191 | F148: 2079.465 | G148: 643.78 | H148: =+SUM(B148:G148) -> 13332.205 | J148: =A148 -> 45323 | K148: =B148+C148+D148 -> 10201.769 | L148: =B148 -> 6300.738 | M148: =C148 -> 3443.51 | N148: =D148 -> 457.521 | O148: =E148+F148+G148 -> 3130.436 | Q148: =(K148-K147)*1000 -> -28017 | R148: =K148/K147-1 -> -0.002738767 | S148: =(K148-$K$142)*1000 -> -141976 | T148: =K148/$K$142-1 -> -0.013725783 | V148: =(L148-L147)*1000 -> -25914 | W148: =L148/L147-1 -> -0.0040960053 | X148: =(L148-$L$142)*1000 -> -107398 | Y148: =L148/$L$142-1 -> -0.016759632 | AA148: =(M148-M147)*1000 -> 95 | AB148: =M148/M147-1 -> 2.7588891e-05 | AC148: =(M148-$M$146)*1000 -> -30951 | AD148: =M148/$M$146-1 -> -0.0089081443 | AF148: =(N148-N147)*1000 -> -2198 | AG148: =N148/N147-1 -> -0.0047811815 | AH148: =(N148-$N$177)*1000 -> -42722 | AI148: =N148/$N$177-1 -> -0.085402494
A149: 45352 | B149: 6275.855 | C149: 3440.809 | D149: 455.624 | E149: 409.833 | F149: 2077.508 | G149: 631.509 | H149: =+SUM(B149:G149) -> 13291.138 | J149: =A149 -> 45352 | K149: =B149+C149+D149 -> 10172.288 | L149: =B149 -> 6275.855 | M149: =C149 -> 3440.809 | N149: =D149 -> 455.624 | O149: =E149+F149+G149 -> 3118.85 | Q149: =(K149-K148)*1000 -> -29481 | R149: =K149/K148-1 -> -0.0028897929 | S149: =(K149-$K$142)*1000 -> -171457 | T149: =K149/$K$142-1 -> -0.016575911 | V149: =(L149-L148)*1000 -> -24883 | W149: =L149/L148-1 -> -0.0039492199 | X149: =(L149-$L$142)*1000 -> -132281 | Y149: =L149/$L$142-1 -> -0.020642664 | AA149: =(M149-M148)*1000 -> -2701 | AB149: =M149/M148-1 -> -0.00078437408 | AC149: =(M149-$M$146)*1000 -> -33652 | AD149: =M149/$M$146-1 -> -0.0096855311 | AF149: =(N149-N148)*1000 -> -1897 | AG149: =N149/N148-1 -> -0.0041462578 | AH149: =(N149-$N$177)*1000 -> -44619 | AI149: =N149/$N$177-1 -> -0.089194651
A150: 45383 | B150: 6258.796 | C150: 3437.569 | D150: 453.288 | E150: 410.935 | F150: 2077.369 | G150: 631.509 | H150: =+SUM(B150:G150) -> 13269.466 | J150: =A150 -> 45383 | K150: =B150+C150+D150 -> 10149.653 | L150: =B150 -> 6258.796 | M150: =C150 -> 3437.569 | N150: =D150 -> 453.288 | O150: =E150+F150+G150 -> 3119.813 | Q150: =(K150-K149)*1000 -> -22635 | R150: =K150/K149-1 -> -0.0022251631 | S150: =(K150-$K$142)*1000 -> -194092 | T150: =K150/$K$142-1 -> -0.01876419 | V150: =(L150-L149)*1000 -> -17059 | W150: =L150/L149-1 -> -0.0027181954 | X150: =(L150-$L$142)*1000 -> -149340 | Y150: =L150/$L$142-1 -> -0.023304749 | AA150: =(M150-M149)*1000 -> -3240 | AB150: =M150/M149-1 -> -0.00094163902 | AC150: =(M150-$M$146)*1000 -> -36892 | AD150: =M150/$M$146-1 -> -0.01061805 | AF150: =(N150-N149)*1000 -> -2336 | AG150: =N150/N149-1 -> -0.0051270346 | AH150: =(N150-$N$177)*1000 -> -46955 | AI150: =N150/$N$177-1 -> -0.093864382
A151: 45413 | B151: 6248.969 | C151: 3430.921 | D151: 451.328 | E151: 409.351 | F151: 2072.457 | G151: 651.195 | H151: =+SUM(B151:G151) -> 13264.221 | J151: =A151 -> 45413 | K151: =B151+C151+D151 -> 10131.218 | L151: =B151 -> 6248.969 | M151: =C151 -> 3430.921 | N151: =D151 -> 451.328 | O151: =E151+F151+G151 -> 3133.003 | Q151: =(K151-K150)*1000 -> -18435 | R151: =K151/K150-1 -> -0.0018163183 | S151: =(K151-$K$142)*1000 -> -212527 | T151: =K151/$K$142-1 -> -0.020546427 | V151: =(L151-L150)*1000 -> -9827 | W151: =L151/L150-1 -> -0.0015701103 | X151: =(L151-$L$142)*1000 -> -159167 | Y151: =L151/$L$142-1 -> -0.024838268 | AA151: =(M151-M150)*1000 -> -6648 | AB151: =M151/M150-1 -> -0.0019339248 | AC151: =(M151-$M$146)*1000 -> -43540 | AD151: =M151/$M$146-1 -> -0.01253144 | AF151: =(N151-N150)*1000 -> -1960 | AG151: =N151/N150-1 -> -0.0043239618 | AH151: =(N151-$N$177)*1000 -> -48915 | AI151: =N151/$N$177-1 -> -0.097782478
A152: 45444 | B152: 6239.26 | C152: 3425.69 | D152: 450.72 | E152: 408.841 | F152: 2069.413 | G152: 657.714 | H152: =+SUM(B152:G152) -> 13251.638 | J152: =A152 -> 45444 | K152: =B152+C152+D152 -> 10115.67 | L152: =B152 -> 6239.26 | M152: =C152 -> 3425.69 | N152: =D152 -> 450.72 | O152: =E152+F152+G152 -> 3135.968 | Q152: =(K152-K151)*1000 -> -15548 | R152: =K152/K151-1 -> -0.0015346625 | S152: =(K152-$K$142)*1000 -> -228075 | T152: =K152/$K$142-1 -> -0.022049557 | V152: =(L152-L151)*1000 -> -9709 | W152: =L152/L151-1 -> -0.0015536963 | X152: =(L152-$L$142)*1000 -> -168876 | Y152: =L152/$L$142-1 -> -0.026353373 | AA152: =(M152-M151)*1000 -> -5231 | AB152: =M152/M151-1 -> -0.0015246635 | AC152: =(M152-$M$146)*1000 -> -48771 | AD152: =M152/$M$146-1 -> -0.014036997 | AF152: =(N152-N151)*1000 -> -608 | AG152: =N152/N151-1 -> -0.0013471356 | AH152: =(N152-$N$177)*1000 -> -49523 | AI152: =N152/$N$177-1 -> -0.098997887
A153: 45474 | B153: 6233.118 | C153: 3422.31 | D153: 449.481 | E153: 407.485 | F153: 2088.884 | G153: 647.813 | H153: =+SUM(B153:G153) -> 13249.091 | J153: =A153 -> 45474 | K153: =B153+C153+D153 -> 10104.909 | L153: =B153 -> 6233.118 | M153: =C153 -> 3422.31 | N153: =D153 -> 449.481 | O153: =E153+F153+G153 -> 3144.182 | Q153: =(K153-K152)*1000 -> -10761 | R153: =K153/K152-1 -> -0.0010637951 | S153: =(K153-$K$142)*1000 -> -238836 | T153: =K153/$K$142-1 -> -0.023089896 | V153: =(L153-L152)*1000 -> -6142 | W153: =L153/L152-1 -> -0.00098441161 | X153: =(L153-$L$142)*1000 -> -175018 | Y153: =L153/$L$142-1 -> -0.027311842 | AA153: =(M153-M152)*1000 -> -3380 | AB153: =M153/M152-1 -> -0.00098666254 | AC153: =(M153-$M$146)*1000 -> -52151 | AD153: =M153/$M$146-1 -> -0.01500981 | AF153: =(N153-N152)*1000 -> -1239 | AG153: =N153/N152-1 -> -0.002748935 | AH153: =(N153-$N$177)*1000 -> -50762 | AI153: =N153/$N$177-1 -> -0.10147468
A154: 45505 | B154: 6237.229 | C154: 3419.735 | D154: 449.339 | E154: 405.623 | F154: 2111.035 | G154: 649.309 | H154: =+SUM(B154:G154) -> 13272.27 | J154: =A154 -> 45505 | K154: =B154+C154+D154 -> 10106.303 | L154: =B154 -> 6237.229 | M154: =C154 -> 3419.735 | N154: =D154 -> 449.339 | O154: =E154+F154+G154 -> 3165.967 | Q154: =(K154-K153)*1000 -> 1394 | R154: =K154/K153-1 -> 0.00013795275 | S154: =(K154-$K$142)*1000 -> -237442 | T154: =K154/$K$142-1 -> -0.022955129 | V154: =(L154-L153)*1000 -> 4111 | W154: =L154/L153-1 -> 0.0006595415 | X154: =(L154-$L$142)*1000 -> -170907 | Y154: =L154/$L$142-1 -> -0.026670314 | AA154: =(M154-M153)*1000 -> -2575 | AB154: =M154/M153-1 -> -0.00075241577 | AC154: =(M154-$M$146)*1000 -> -54726 | AD154: =M154/$M$146-1 -> -0.015750932 | AF154: =(N154-N153)*1000 -> -142 | AG154: =N154/N153-1 -> -0.00031591992 | AH154: =(N154-$N$177)*1000 -> -50904 | AI154: =N154/$N$177-1 -> -0.10175855
A155: 45536 | B155: 6246.337 | C155: 3418.793 | D155: 449.33 | E155: 404.302 | F155: 2110.734 | G155: 651.068 | H155: =+SUM(B155:G155) -> 13280.564 | J155: =A155 -> 45536 | K155: =B155+C155+D155 -> 10114.46 | L155: =B155 -> 6246.337 | M155: =C155 -> 3418.793 | N155: =D155 -> 449.33 | O155: =E155+F155+G155 -> 3166.104 | Q155: =(K155-K154)*1000 -> 8157 | R155: =K155/K154-1 -> 0.00080712007 | S155: =(K155-$K$142)*1000 -> -229285 | T155: =K155/$K$142-1 -> -0.022166536 | V155: =(L155-L154)*1000 -> 9108 | W155: =L155/L154-1 -> 0.0014602638 | X155: =(L155-$L$142)*1000 -> -161799 | Y155: =L155/$L$142-1 -> -0.025248996 | AA155: =(M155-M154)*1000 -> -942 | AB155: =M155/M154-1 -> -0.00027545994 | AC155: =(M155-$M$146)*1000 -> -55668 | AD155: =M155/$M$146-1 -> -0.016022053 | AF155: =(N155-N154)*1000 -> -9 | AG155: =N155/N154-1 -> -2.0029421e-05 | AH155: =(N155-$N$177)*1000 -> -50913 | AI155: =N155/$N$177-1 -> -0.10177654
A156: 45566 | B156: 6253.879 | C156: 3420.425 | D156: 448.41 | E156: 402.315 | F156: 2097.846 | G156: 650.96 | H156: =+SUM(B156:G156) -> 13273.835 | J156: =A156 -> 45566 | K156: =B156+C156+D156 -> 10122.714 | L156: =B156 -> 6253.879 | M156: =C156 -> 3420.425 | N156: =D156 -> 448.41 | O156: =E156+F156+G156 -> 3151.121 | Q156: =(K156-K155)*1000 -> 8254 | R156: =K156/K155-1 -> 0.00081605938 | S156: =(K156-$K$142)*1000 -> -221031 | T156: =K156/$K$142-1 -> -0.021368566 | V156: =(L156-L155)*1000 -> 7542 | W156: =L156/L155-1 -> 0.0012074276 | X156: =(L156-$L$142)*1000 -> -154257 | Y156: =L156/$L$142-1 -> -0.024072055 | AA156: =(M156-M155)*1000 -> 1632 | AB156: =M156/M155-1 -> 0.00047736145 | AC156: =(M156-$M$146)*1000 -> -54036 | AD156: =M156/$M$146-1 -> -0.01555234 | AF156: =(N156-N155)*1000 -> -920 | AG156: =N156/N155-1 -> -0.0020474929 | AH156: =(N156-$N$177)*1000 -> -51833 | AI156: =N156/$N$177-1 -> -0.10361564
A157: 45597 | B157: 6255.158 | C157: 3417.805 | D157: 447.669 | E157: 400.831 | F157: 2086.574 | G157: 653.385 | H157: =+SUM(B157:G157) -> 13261.422 | J157: =A157 -> 45597 | K157: =B157+C157+D157 -> 10120.632 | L157: =B157 -> 6255.158 | M157: =C157 -> 3417.805 | N157: =D157 -> 447.669 | O157: =E157+F157+G157 -> 3140.79 | Q157: =(K157-K156)*1000 -> -2082 | R157: =K157/K156-1 -> -0.00020567607 | S157: =(K157-$K$142)*1000 -> -223113 | T157: =K157/$K$142-1 -> -0.021569847 | V157: =(L157-L156)*1000 -> 1279 | W157: =L157/L156-1 -> 0.00020451307 | X157: =(L157-$L$142)*1000 -> -152978 | Y157: =L157/$L$142-1 -> -0.023872465 | AA157: =(M157-M156)*1000 -> -2620 | AB157: =M157/M156-1 -> -0.00076598668 | AC157: =(M157-$M$146)*1000 -> -56656 | AD157: =M157/$M$146-1 -> -0.016306414 | AF157: =(N157-N156)*1000 -> -741 | AG157: =N157/N156-1 -> -0.0016525055 | AH157: =(N157-$N$177)*1000 -> -52574 | AI157: =N157/$N$177-1 -> -0.10509692
... A175: 46143 | B175: 6131.521 | C175: 3387.509 | D175: 447.955 | E175: 388.208 | F175: 2198.335 | G175: 232.076 | H175: =+SUM(B175:G175) -> 12785.604 | J175: =A175 -> 46143 | K175: =B175+C175+D175 -> 9966.985 | L175: =B175 -> 6131.521 | M175: =C175 -> 3387.509 | N175: =D175 -> 447.955 | O175: =E175+F175+G175 -> 2818.619 | Q175: =(K175-K174)*1000 -> -6971 | R175: =K175/K174-1 -> -0.00069892027 | S175: =(K175-$K$142)*1000 -> -376760 | T175: =K175/$K$142-1 -> -0.036423945 | V175: =(L175-L174)*1000 -> -9059 | W175: =L175/L174-1 -> -0.0014752678 | X175: =(L175-$L$142)*1000 -> -276615 | Y175: =L175/$L$142-1 -> -0.043166219 | AA175: =(M175-M174)*1000 -> 736 | AB175: =M175/M174-1 -> 0.00021731601 | AC175: =(M175-$M$146)*1000 -> -86952 | AD175: =M175/$M$146-1 -> -0.02502604 | AF175: =(N175-N174)*1000 -> 1352 | AG175: =N175/N174-1 -> 0.0030272972 | AH175: =(N175-$N$177)*1000 -> -52288 | AI175: =N175/$N$177-1 -> -0.1045252
S176: =(K176-$K$142)*1000 -> -10343745 | T176: =K176/$K$142-1 -> -1
J177: MAX | K177: =MAX(K3:K176) -> 10343.745 | L177: =MAX(L3:L174) -> 6408.136 | M177: =MAX(M3:M174) -> 3474.461 | N177: =MAX(N3:N174) -> 500.243 | O177: =MAX(O3:O174) -> 3166.104
K178: =HLOOKUP(K$2,$J$2:$O$1723,MATCH(MAX($J$2:$J$1723),$J$2:$J$1723,0),FALSE)-K177 -> -376.76 | L178: =HLOOKUP(L$2,$J$2:$O$1723,MATCH(MAX($J$2:$J$1723),$J$2:$J$1723,0),FALSE)-L177 -> -276.615 | M178: =HLOOKUP(M$2,$J$2:$O$1723,MATCH(MAX($J$2:$J$1723),$J$2:$J$1723,0),FALSE)-M177 -> -86.952 | N178: =HLOOKUP(N$2,$J$2:$O$1723,MATCH(MAX($J$2:$J$1723),$J$2:$J$1723,0),FALSE)-N177 -> -52.288 | O178: =HLOOKUP(O$2,$J$2:$O$1723,MATCH(MAX($J$2:$J$1723),$J$2:$J$1723,0),FALSE)-O177 -> -347.485
K179: =HLOOKUP(K$2,$J$2:$O$1723,MATCH(MAX($J$2:$J$1723),$J$2:$J$1723,0),FALSE)/K177-1 -> -0.036423945 | L179: =HLOOKUP(L$2,$J$2:$O$1723,MATCH(MAX($J$2:$J$1723),$J$2:$J$1723,0),FALSE)/L177-1 -> -0.043166219 | M179: =HLOOKUP(M$2,$J$2:$O$1723,MATCH(MAX($J$2:$J$1723),$J$2:$J$1723,0),FALSE)/M177-1 -> -0.02502604 | N179: =HLOOKUP(N$2,$J$2:$O$1723,MATCH(MAX($J$2:$J$1723),$J$2:$J$1723,0),FALSE)/N177-1 -> -0.1045252 | O179: =HLOOKUP(O$2,$J$2:$O$1723,MATCH(MAX($J$2:$J$1723),$J$2:$J$1723,0),FALSE)/O177-1 -> -0.10975161
J180: VAR ABS. | K180: =(HLOOKUP(K$2,$J$2:$O$1723,MATCH(MAX($J$2:$J$1723),$J$2:$J$1723,0),FALSE)-HLOOKUP(K$2,$J$2:$O$1723,MATCH(MAX($J$2:$J$1723),$J$2:$J$1723,0)-1,FALSE))*1000 -> -6971 | L180: =(HLOOKUP(L$2,$J$2:$O$1723,MATCH(MAX($J$2:$J$1723),$J$2:$J$1723,0),FALSE)-HLOOKUP(L$2,$J$2:$O$1723,MATCH(MAX($J$2:$J$1723),$J$2:$J$1723,0)-1,FALSE))*1000 -> -9059 | M180: =(HLOOKUP(M$2,$J$2:$O$1723,MATCH(MAX($J$2:$J$1723),$J$2:$J$1723,0),FALSE)-HLOOKUP(M$2,$J$2:$O$1723,MATCH(MAX($J$2:$J$1723),$J$2:$J$1723,0)-1,FALSE))*1000 -> 736 | N180: =(HLOOKUP(N$2,$J$2:$O$1723,MATCH(MAX($J$2:$J$1723),$J$2:$J$1723,0),FALSE)-HLOOKUP(N$2,$J$2:$O$1723,MATCH(MAX($J$2:$J$1723),$J$2:$J$1723,0)-1,FALSE))*1000 -> 1352 | O180: =(HLOOKUP(O$2,$J$2:$O$1723,MATCH(MAX($J$2:$J$1723),$J$2:$J$1723,0),FALSE)-HLOOKUP(O$2,$J$2:$O$1723,MATCH(MAX($J$2:$J$1723),$J$2:$J$1723,0)-1,FALSE))*1000 -> -5009 | Q180: =(K169-K168)*1000 -> -21239 | R180: =K169/K168-1 -> -0.0021152276 | S180: =(K169-$K$142)*1000 -> -323984 | T180: =K169/$K$142-1 -> -0.031321731 | V180: =(L169-L168)*1000 -> -16459 | W180: =L169/L168-1 -> -0.0026542814 | X180: =(L169-$L$142)*1000 -> -223670 | Y180: =L169/$L$142-1 -> -0.034904066 | AA180: =(M169-M168)*1000 -> -6006 | AB180: =M169/M168-1 -> -0.0017652655 | AC180: =(M169-$M$146)*1000 -> -78146 | AD180: =M169/$M$146-1 -> -0.022491546 | AF180: =(N169-N168)*1000 -> 1226 | AG180: =N169/N168-1 -> 0.0028006597 | AH180: =(N169-$N$177)*1000 -> -61263 | AI180: =N169/$N$177-1 -> -0.12246648
J181: CONTRIB. | K181: =K180/$K$180 -> 1 | L181: =L180/$K$180 -> 1.2995266 | M181: =M180/$K$180 -> -0.10558026 | N181: =N180/$K$180 -> -0.19394635 | O181: =O180/$K$180 -> 0.71854827
J182: VAR REL. | K182: =(HLOOKUP(K$2,$J$2:$O$1723,MATCH(MAX($J$2:$J$1723),$J$2:$J$1723,0),FALSE)/HLOOKUP(K$2,$J$2:$O$1723,MATCH(MAX($J$2:$J$1723),$J$2:$J$1723,0)-1,FALSE))-1 -> -0.00069892027 | L182: =(HLOOKUP(L$2,$J$2:$O$1723,MATCH(MAX($J$2:$J$1723),$J$2:$J$1723,0),FALSE)/HLOOKUP(L$2,$J$2:$O$1723,MATCH(MAX($J$2:$J$1723),$J$2:$J$1723,0)-1,FALSE))-1 -> -0.0014752678 | M182: =(HLOOKUP(M$2,$J$2:$O$1723,MATCH(MAX($J$2:$J$1723),$J$2:$J$1723,0),FALSE)/HLOOKUP(M$2,$J$2:$O$1723,MATCH(MAX($J$2:$J$1723),$J$2:$J$1723,0)-1,FALSE))-1 -> 0.00021731601 | N182: =(HLOOKUP(N$2,$J$2:$O$1723,MATCH(MAX($J$2:$J$1723),$J$2:$J$1723,0),FALSE)/HLOOKUP(N$2,$J$2:$O$1723,MATCH(MAX($J$2:$J$1723),$J$2:$J$1723,0)-1,FALSE))-1 -> 0.0030272972 | O182: =(HLOOKUP(O$2,$J$2:$O$1723,MATCH(MAX($J$2:$J$1723),$J$2:$J$1723,0),FALSE)/HLOOKUP(O$2,$J$2:$O$1723,MATCH(MAX($J$2:$J$1723),$J$2:$J$1723,0)-1,FALSE))-1 -> -0.0017739589
J183: Var abs interanual | K183: =(HLOOKUP(K$2,$J$2:$O$1723,MATCH(MAX($J$2:$J$1723),$J$2:$J$1723,0),FALSE)-HLOOKUP(K$2,$J$2:$O$1723,MATCH(MAX($J$2:$J$1723),$J$2:$J$1723,0)-12,FALSE)) -> -145.82 | L183: =(HLOOKUP(L$2,$J$2:$O$1723,MATCH(MAX($J$2:$J$1723),$J$2:$J$1723,0),FALSE)-HLOOKUP(L$2,$J$2:$O$1723,MATCH(MAX($J$2:$J$1723),$J$2:$J$1723,0)-12,FALSE)) -> -135.438 | M183: =(HLOOKUP(M$2,$J$2:$O$1723,MATCH(MAX($J$2:$J$1723),$J$2:$J$1723,0),FALSE)-HLOOKUP(M$2,$J$2:$O$1723,MATCH(MAX($J$2:$J$1723),$J$2:$J$1723,0)-12,FALSE)) -> -16.701 | N183: =(HLOOKUP(N$2,$J$2:$O$1723,MATCH(MAX($J$2:$J$1723),$J$2:$J$1723,0),FALSE)-HLOOKUP(N$2,$J$2:$O$1723,MATCH(MAX($J$2:$J$1723),$J$2:$J$1723,0)-12,FALSE)) -> 6.319
J184: Var rel interanual | K184: =(HLOOKUP(K$2,$J$2:$O$1723,MATCH(MAX($J$2:$J$1723),$J$2:$J$1723,0),FALSE)/HLOOKUP(K$2,$J$2:$O$1723,MATCH(MAX($J$2:$J$1723),$J$2:$J$1723,0)-12,FALSE))-1 -> -0.014419343 | L184: =(HLOOKUP(L$2,$J$2:$O$1723,MATCH(MAX($J$2:$J$1723),$J$2:$J$1723,0),FALSE)/HLOOKUP(L$2,$J$2:$O$1723,MATCH(MAX($J$2:$J$1723),$J$2:$J$1723,0)-12,FALSE))-1 -> -0.021611439 | M184: =(HLOOKUP(M$2,$J$2:$O$1723,MATCH(MAX($J$2:$J$1723),$J$2:$J$1723,0),FALSE)/HLOOKUP(M$2,$J$2:$O$1723,MATCH(MAX($J$2:$J$1723),$J$2:$J$1723,0)-12,FALSE))-1 -> -0.0049059841 | N184: =(HLOOKUP(N$2,$J$2:$O$1723,MATCH(MAX($J$2:$J$1723),$J$2:$J$1723,0),FALSE)/HLOOKUP(N$2,$J$2:$O$1723,MATCH(MAX($J$2:$J$1723),$J$2:$J$1723,0)-12,FALSE))-1 -> 0.014308163
J185: VAR A vs nov | K185: =HLOOKUP(K$2,$J$2:$O$1723,MATCH(MAX($J$2:$J$1723),$J$2:$J$1723,0),FALSE)-K145 -> -337.365 | L185: =HLOOKUP(L$2,$J$2:$O$1723,MATCH(MAX($J$2:$J$1723),$J$2:$J$1723,0),FALSE)-L145 -> -241.176 | M185: =HLOOKUP(M$2,$J$2:$O$1723,MATCH(MAX($J$2:$J$1723),$J$2:$J$1723,0),FALSE)-M145 -> -79.865 | N185: =HLOOKUP(N$2,$J$2:$O$1723,MATCH(MAX($J$2:$J$1723),$J$2:$J$1723,0),FALSE)-N145 -> -16.324 | O185: =HLOOKUP(O$2,$J$2:$O$1723,MATCH(MAX($J$2:$J$1723),$J$2:$J$1723,0),FALSE)-O145 -> -242.19
J186: VAR R vs nov | K186: =HLOOKUP(K$2,$J$2:$O$1723,MATCH(MAX($J$2:$J$1723),$J$2:$J$1723,0),FALSE)/K145-1 -> -0.032740056 | L186: =HLOOKUP(L$2,$J$2:$O$1723,MATCH(MAX($J$2:$J$1723),$J$2:$J$1723,0),FALSE)/L145-1 -> -0.037845201 | M186: =HLOOKUP(M$2,$J$2:$O$1723,MATCH(MAX($J$2:$J$1723),$J$2:$J$1723,0),FALSE)/M145-1 -> -0.023033281 | N186: =HLOOKUP(N$2,$J$2:$O$1723,MATCH(MAX($J$2:$J$1723),$J$2:$J$1723,0),FALSE)/N145-1 -> -0.035159893 | O186: =HLOOKUP(O$2,$J$2:$O$1723,MATCH(MAX($J$2:$J$1723),$J$2:$J$1723,0),FALSE)/O145-1 -> -0.07912614
J188: 4T 23 | K188: =AVERAGE(K144:K146) -> 10305.808 | L188: =AVERAGE(L144:L146) -> 6371.6153 | M188: =AVERAGE(M144:M146) -> 3469.9277 | N188: =AVERAGE(N144:N146) -> 464.26467 | O188: =AVERAGE(O144:O146) -> 3061.8787
J189: 1T 24 | K189: =AVERAGE(K147:K149) -> 10201.281 | L189: =AVERAGE(L147:L149) -> 6301.0817 | M189: =AVERAGE(M147:M149) -> 3442.578 | N189: =AVERAGE(N147:N149) -> 457.62133 | O189: =AVERAGE(O147:O149) -> 3115.4823
J190: 2T 24 | K190: =AVERAGE(K150:K152) -> 10132.18 | L190: =AVERAGE(L150:L152) -> 6249.0083 | M190: =AVERAGE(M150:M152) -> 3431.3933 | N190: =AVERAGE(N150:N152) -> 451.77867 | O190: =AVERAGE(O150:O152) -> 3129.5947
J191: 3T 24 | K191: =AVERAGE(K153:K155) -> 10108.557 | L191: =AVERAGE(L153:L155) -> 6238.8947 | M191: =AVERAGE(M153:M155) -> 3420.2793 | N191: =AVERAGE(N153:N155) -> 449.38333 | O191: =AVERAGE(O153:O155) -> 3158.751
J192: 4T 24 | K192: =AVERAGE(K156:K158) -> 10122.249 | L192: =AVERAGE(L156:L158) -> 6257.5977 | M192: =AVERAGE(M156:M158) -> 3417.2847 | N192: =AVERAGE(N156:N158) -> 447.36667 | O192: =AVERAGE(O156:O158) -> 3011.8723
J193: 1T 25 | K193: =AVERAGE(K159:K161) -> 10114.328 | L193: =AVERAGE(L159:L161) -> 6258.0793 | M193: =AVERAGE(M159:M161) -> 3411.878 | N193: =AVERAGE(N159:N161) -> 444.371 | O193: =AVERAGE(O159:O161) -> 2756.9303
J194: 2T 25 | K194: =AVERAGE(K162:K164) -> 10110.777 | L194: =AVERAGE(L162:L164) -> 6261.354 | M194: =AVERAGE(M162:M164) -> 3407.7757 | N194: =AVERAGE(N162:N164) -> 441.64767 | O194: =AVERAGE(O162:O164) -> 2776.553
J195: 3T 25 | K195: =AVERAGE(K165:K167) -> 10074.085 | L195: =AVERAGE(L165:L167) -> 6228.7877 | M195: =AVERAGE(M165:M167) -> 3406.0307 | N195: =AVERAGE(N165:N167) -> 439.26667 | O195: =AVERAGE(O165:O167) -> 2806.299
J196: VAR 4T 23 - 1T 24 | K196: =K189/K188-1 -> -0.010142501 | L196: =L189/L188-1 -> -0.011069982 | M196: =M189/M188-1 -> -0.0078819126 | N196: =N189/N188-1 -> -0.014309367 | O196: =O189/O188-1 -> 0.01750679
J197: VAR 1T 24 - 2T 24 | K197: =K190/K189-1 -> -0.0067737245 | L197: =L190/L189-1 -> -0.0082641896 | M197: =M190/M189-1 -> -0.0032489218 | N197: =N190/N189-1 -> -0.01276747 | O197: =O190/O189-1 -> 0.0045297427
J198: VAR 2T 24 - 3T 24 | K198: =K191/K190-1 -> -0.0023314824 | L198: =L191/L190-1 -> -0.0016184435 | M198: =M191/M190-1 -> -0.0032389175 | N198: =N191/N190-1 -> -0.0053020063 | O198: =O191/O190-1 -> 0.0093163289
J199: VAR 3T 24 - 4T 24 | K199: =K192/K191-1 -> 0.001354463 | L199: =L192/L191-1 -> 0.0029978067 | M199: =M192/M191-1 -> -0.00087556202 | N199: =N192/N191-1 -> -0.0044876312 | O199: =O192/O191-1 -> -0.04649897
J200: VAR 4T 24 - 1T 25 | K200: =K193/K192-1 -> -0.00078250067 | L200: =L193/L192-1 -> 7.6973096e-05 | M200: =M193/M192-1 -> -0.0015821528 | N200: =N193/N192-1 -> -0.0066962223 | O200: =O193/O192-1 -> -0.084645686
J201: VAR 1T 25 - 2T 25 | K201: =K194/K193-1 -> -0.00035108609 | L201: =L194/L193-1 -> 0.00052327024 | M201: =M194/M193-1 -> -0.0012023681 | N201: =N194/N193-1 -> -0.0061285127 | O201: =O194/O193-1 -> 0.007117578
J202: VAR 2T 25 - 3T 25 | K202: =K195/K194-1 -> -0.0036290319 | L202: =L195/L194-1 -> -0.0052011647 | M202: =M195/M194-1 -> -0.00051206422 | N202: =N195/N194-1 -> -0.0053911753 | O202: =O195/O194-1 -> 0.010713284
B213: Grafico portada
B214: Empleo asalariado en el sector privado | C214: Empleo asalariado en el sector público | D214: Empleo en casas particulares | E214: Total asalariados
B215: Privado | C215: Público | D215: Casas particulares | E215: Total
A216: 45231 | B216: =+HLOOKUP(B$214,$A$2:$H$201,MATCH($A216,$A$2:$A$201,0),FALSE)/HLOOKUP(B$214,$A$2:$H$201,MATCH($A$216,$A$2:$A$201,0),FALSE)*100 -> 100 | C216: =+HLOOKUP(C$214,$A$2:$H$201,MATCH($A216,$A$2:$A$201,0),FALSE)/HLOOKUP(C$214,$A$2:$H$201,MATCH($A$216,$A$2:$A$201,0),FALSE)*100 -> 100 | D216: =+HLOOKUP(D$214,$A$2:$H$201,MATCH($A216,$A$2:$A$201,0),FALSE)/HLOOKUP(D$214,$A$2:$H$201,MATCH($A$216,$A$2:$A$201,0),FALSE)*100 -> 100 | E216: =+HLOOKUP(E$214,$A$2:$K$201,MATCH($A216,$A$2:$A$201,0),FALSE)/HLOOKUP(E$214,$A$2:$K$201,MATCH($A$216,$A$2:$A$201,0),FALSE)*100 -> 100
A217: 45261 | B217: =+HLOOKUP(B$214,$A$2:$H$201,MATCH($A217,$A$2:$A$201,0),FALSE)/HLOOKUP(B$214,$A$2:$H$201,MATCH($A$216,$A$2:$A$201,0),FALSE)*100 -> 99.821441 | C217: =+HLOOKUP(C$214,$A$2:$H$201,MATCH($A217,$A$2:$A$201,0),FALSE)/HLOOKUP(C$214,$A$2:$H$201,MATCH($A$216,$A$2:$A$201,0),FALSE)*100 -> 100.20439 | D217: =+HLOOKUP(D$214,$A$2:$H$201,MATCH($A217,$A$2:$A$201,0),FALSE)/HLOOKUP(D$214,$A$2:$H$201,MATCH($A$216,$A$2:$A$201,0),FALSE)*100 -> 99.511285 | E217: =+HLOOKUP(E$214,$A$2:$K$201,MATCH($A217,$A$2:$A$201,0),FALSE)/HLOOKUP(E$214,$A$2:$K$201,MATCH($A$216,$A$2:$A$201,0),FALSE)*100 -> 99.936328
A218: 45292 | B218: =+HLOOKUP(B$214,$A$2:$H$201,MATCH($A218,$A$2:$A$201,0),FALSE)/HLOOKUP(B$214,$A$2:$H$201,MATCH($A$216,$A$2:$A$201,0),FALSE)*100 -> 99.277464 | C218: =+HLOOKUP(C$214,$A$2:$H$201,MATCH($A218,$A$2:$A$201,0),FALSE)/HLOOKUP(C$214,$A$2:$H$201,MATCH($A$216,$A$2:$A$201,0),FALSE)*100 -> 99.309016 | D218: =+HLOOKUP(D$214,$A$2:$H$201,MATCH($A218,$A$2:$A$201,0),FALSE)/HLOOKUP(D$214,$A$2:$H$201,MATCH($A$216,$A$2:$A$201,0),FALSE)*100 -> 99.017832 | E218: =+HLOOKUP(E$214,$A$2:$K$201,MATCH($A218,$A$2:$A$201,0),FALSE)/HLOOKUP(E$214,$A$2:$K$201,MATCH($A$216,$A$2:$A$201,0),FALSE)*100 -> 99.276383
A219: 45323 | B219: =+HLOOKUP(B$214,$A$2:$H$201,MATCH($A219,$A$2:$A$201,0),FALSE)/HLOOKUP(B$214,$A$2:$H$201,MATCH($A$216,$A$2:$A$201,0),FALSE)*100 -> 98.870823 | C219: =+HLOOKUP(C$214,$A$2:$H$201,MATCH($A219,$A$2:$A$201,0),FALSE)/HLOOKUP(C$214,$A$2:$H$201,MATCH($A$216,$A$2:$A$201,0),FALSE)*100 -> 99.311756 | D219: =+HLOOKUP(D$214,$A$2:$H$201,MATCH($A219,$A$2:$A$201,0),FALSE)/HLOOKUP(D$214,$A$2:$H$201,MATCH($A$216,$A$2:$A$201,0),FALSE)*100 -> 98.54441 | E219: =+HLOOKUP(E$214,$A$2:$K$201,MATCH($A219,$A$2:$A$201,0),FALSE)/HLOOKUP(E$214,$A$2:$K$201,MATCH($A$216,$A$2:$A$201,0),FALSE)*100 -> 99.004488
A220: 45352 | B220: =+HLOOKUP(B$214,$A$2:$H$201,MATCH($A220,$A$2:$A$201,0),FALSE)/HLOOKUP(B$214,$A$2:$H$201,MATCH($A$216,$A$2:$A$201,0),FALSE)*100 -> 98.480361 | C220: =+HLOOKUP(C$214,$A$2:$H$201,MATCH($A220,$A$2:$A$201,0),FALSE)/HLOOKUP(C$214,$A$2:$H$201,MATCH($A$216,$A$2:$A$201,0),FALSE)*100 -> 99.233858 | D220: =+HLOOKUP(D$214,$A$2:$H$201,MATCH($A220,$A$2:$A$201,0),FALSE)/HLOOKUP(D$214,$A$2:$H$201,MATCH($A$216,$A$2:$A$201,0),FALSE)*100 -> 98.135819 | E220: =+HLOOKUP(E$214,$A$2:$K$201,MATCH($A220,$A$2:$A$201,0),FALSE)/HLOOKUP(E$214,$A$2:$K$201,MATCH($A$216,$A$2:$A$201,0),FALSE)*100 -> 98.718386
A221: 45383 | B221: =+HLOOKUP(B$214,$A$2:$H$201,MATCH($A221,$A$2:$A$201,0),FALSE)/HLOOKUP(B$214,$A$2:$H$201,MATCH($A$216,$A$2:$A$201,0),FALSE)*100 -> 98.212672 | C221: =+HLOOKUP(C$214,$A$2:$H$201,MATCH($A221,$A$2:$A$201,0),FALSE)/HLOOKUP(C$214,$A$2:$H$201,MATCH($A$216,$A$2:$A$201,0),FALSE)*100 -> 99.140416 | D221: =+HLOOKUP(D$214,$A$2:$H$201,MATCH($A221,$A$2:$A$201,0),FALSE)/HLOOKUP(D$214,$A$2:$H$201,MATCH($A$216,$A$2:$A$201,0),FALSE)*100 -> 97.632673 | E221: =+HLOOKUP(E$214,$A$2:$K$201,MATCH($A221,$A$2:$A$201,0),FALSE)/HLOOKUP(E$214,$A$2:$K$201,MATCH($A$216,$A$2:$A$201,0),FALSE)*100 -> 98.498721
A222: 45413 | B222: =+HLOOKUP(B$214,$A$2:$H$201,MATCH($A222,$A$2:$A$201,0),FALSE)/HLOOKUP(B$214,$A$2:$H$201,MATCH($A$216,$A$2:$A$201,0),FALSE)*100 -> 98.058467 | C222: =+HLOOKUP(C$214,$A$2:$H$201,MATCH($A222,$A$2:$A$201,0),FALSE)/HLOOKUP(C$214,$A$2:$H$201,MATCH($A$216,$A$2:$A$201,0),FALSE)*100 -> 98.948686 | D222: =+HLOOKUP(D$214,$A$2:$H$201,MATCH($A222,$A$2:$A$201,0),FALSE)/HLOOKUP(D$214,$A$2:$H$201,MATCH($A$216,$A$2:$A$201,0),FALSE)*100 -> 97.210514 | E222: =+HLOOKUP(E$214,$A$2:$K$201,MATCH($A222,$A$2:$A$201,0),FALSE)/HLOOKUP(E$214,$A$2:$K$201,MATCH($A$216,$A$2:$A$201,0),FALSE)*100 -> 98.319816
A223: 45444 | B223: =+HLOOKUP(B$214,$A$2:$H$201,MATCH($A223,$A$2:$A$201,0),FALSE)/HLOOKUP(B$214,$A$2:$H$201,MATCH($A$216,$A$2:$A$201,0),FALSE)*100 -> 97.906114 | C223: =+HLOOKUP(C$214,$A$2:$H$201,MATCH($A223,$A$2:$A$201,0),FALSE)/HLOOKUP(C$214,$A$2:$H$201,MATCH($A$216,$A$2:$A$201,0),FALSE)*100 -> 98.797822 | D223: =+HLOOKUP(D$214,$A$2:$H$201,MATCH($A223,$A$2:$A$201,0),FALSE)/HLOOKUP(D$214,$A$2:$H$201,MATCH($A$216,$A$2:$A$201,0),FALSE)*100 -> 97.079558 | E223: =+HLOOKUP(E$214,$A$2:$K$201,MATCH($A223,$A$2:$A$201,0),FALSE)/HLOOKUP(E$214,$A$2:$K$201,MATCH($A$216,$A$2:$A$201,0),FALSE)*100 -> 98.168929
A224: 45474 | B224: =+HLOOKUP(B$214,$A$2:$H$201,MATCH($A224,$A$2:$A$201,0),FALSE)/HLOOKUP(B$214,$A$2:$H$201,MATCH($A$216,$A$2:$A$201,0),FALSE)*100 -> 97.809734 | C224: =+HLOOKUP(C$214,$A$2:$H$201,MATCH($A224,$A$2:$A$201,0),FALSE)/HLOOKUP(C$214,$A$2:$H$201,MATCH($A$216,$A$2:$A$201,0),FALSE)*100 -> 98.700342 | D224: =+HLOOKUP(D$214,$A$2:$H$201,MATCH($A224,$A$2:$A$201,0),FALSE)/HLOOKUP(D$214,$A$2:$H$201,MATCH($A$216,$A$2:$A$201,0),FALSE)*100 -> 96.812692 | E224: =+HLOOKUP(E$214,$A$2:$K$201,MATCH($A224,$A$2:$A$201,0),FALSE)/HLOOKUP(E$214,$A$2:$K$201,MATCH($A$216,$A$2:$A$201,0),FALSE)*100 -> 98.064497
A225: 45505 | B225: =+HLOOKUP(B$214,$A$2:$H$201,MATCH($A225,$A$2:$A$201,0),FALSE)/HLOOKUP(B$214,$A$2:$H$201,MATCH($A$216,$A$2:$A$201,0),FALSE)*100 -> 97.874244 | C225: =+HLOOKUP(C$214,$A$2:$H$201,MATCH($A225,$A$2:$A$201,0),FALSE)/HLOOKUP(C$214,$A$2:$H$201,MATCH($A$216,$A$2:$A$201,0),FALSE)*100 -> 98.626078 | D225: =+HLOOKUP(D$214,$A$2:$H$201,MATCH($A225,$A$2:$A$201,0),FALSE)/HLOOKUP(D$214,$A$2:$H$201,MATCH($A$216,$A$2:$A$201,0),FALSE)*100 -> 96.782107 | E225: =+HLOOKUP(E$214,$A$2:$K$201,MATCH($A225,$A$2:$A$201,0),FALSE)/HLOOKUP(E$214,$A$2:$K$201,MATCH($A$216,$A$2:$A$201,0),FALSE)*100 -> 98.078025
A226: 45536 | B226: =+HLOOKUP(B$214,$A$2:$H$201,MATCH($A226,$A$2:$A$201,0),FALSE)/HLOOKUP(B$214,$A$2:$H$201,MATCH($A$216,$A$2:$A$201,0),FALSE)*100 -> 98.017166 | C226: =+HLOOKUP(C$214,$A$2:$H$201,MATCH($A226,$A$2:$A$201,0),FALSE)/HLOOKUP(C$214,$A$2:$H$201,MATCH($A$216,$A$2:$A$201,0),FALSE)*100 -> 98.598911 | D226: =+HLOOKUP(D$214,$A$2:$H$201,MATCH($A226,$A$2:$A$201,0),FALSE)/HLOOKUP(D$214,$A$2:$H$201,MATCH($A$216,$A$2:$A$201,0),FALSE)*100 -> 96.780169 | E226: =+HLOOKUP(E$214,$A$2:$K$201,MATCH($A226,$A$2:$A$201,0),FALSE)/HLOOKUP(E$214,$A$2:$K$201,MATCH($A$216,$A$2:$A$201,0),FALSE)*100 -> 98.157186
A227: 45566 | B227: =+HLOOKUP(B$214,$A$2:$H$201,MATCH($A227,$A$2:$A$201,0),FALSE)/HLOOKUP(B$214,$A$2:$H$201,MATCH($A$216,$A$2:$A$201,0),FALSE)*100 -> 98.135515 | C227: =+HLOOKUP(C$214,$A$2:$H$201,MATCH($A227,$A$2:$A$201,0),FALSE)/HLOOKUP(C$214,$A$2:$H$201,MATCH($A$216,$A$2:$A$201,0),FALSE)*100 -> 98.645978 | D227: =+HLOOKUP(D$214,$A$2:$H$201,MATCH($A227,$A$2:$A$201,0),FALSE)/HLOOKUP(D$214,$A$2:$H$201,MATCH($A$216,$A$2:$A$201,0),FALSE)*100 -> 96.582012 | E227: =+HLOOKUP(E$214,$A$2:$K$201,MATCH($A227,$A$2:$A$201,0),FALSE)/HLOOKUP(E$214,$A$2:$K$201,MATCH($A$216,$A$2:$A$201,0),FALSE)*100 -> 98.237288
... A243: 46054 | B243: =+HLOOKUP(B$214,$A$2:$H$201,MATCH($A243,$A$2:$A$201,0),FALSE)/HLOOKUP(B$214,$A$2:$H$201,MATCH($A$216,$A$2:$A$201,0),FALSE)*100 -> 96.695245 | C243: =+HLOOKUP(C$214,$A$2:$H$201,MATCH($A243,$A$2:$A$201,0),FALSE)/HLOOKUP(C$214,$A$2:$H$201,MATCH($A$216,$A$2:$A$201,0),FALSE)*100 -> 97.881509 | D243: =+HLOOKUP(D$214,$A$2:$H$201,MATCH($A243,$A$2:$A$201,0),FALSE)/HLOOKUP(D$214,$A$2:$H$201,MATCH($A$216,$A$2:$A$201,0),FALSE)*100 -> 95.864771 | E243: =+HLOOKUP(E$214,$A$2:$K$201,MATCH($A243,$A$2:$A$201,0),FALSE)/HLOOKUP(E$214,$A$2:$K$201,MATCH($A$216,$A$2:$A$201,0),FALSE)*100 -> 97.057

Sheet A.2.2
A1: Personas con empleo asalariado registrado del sector privado, según rama de actividad. Sin estacionalidad
T2: Total privados | W2: Industria | AA2: Construcción | AE2: Comercio
A3: Período | B3: Agricultura, ganaderÍa, caza y silvicultura | C3: Pesca | D3: Explotación de minas y canteras | E3: Industrias manufactureras | F3: Suministro de electricidad, gas y agua | G3: Construcción | H3: Comercio y reparaciones | I3: Hoteles y restaurantes | J3: Transporte, almacenamiento y comunicación | K3: Intermediación financiera | L3: Actividades inmobiliarias, empresariales y de alquiler | M3: Enseñanza | N3: Servicios sociales y de salud | O3: Servicios comunitarios, sociales y personales | P3: Sin especificar | Q3: Total | T3: Var. Mensual % | U3: Var. Mensual absoluta | W3: Var. Mensual % | X3: Var. Mensual absoluta | Y3: Índice, Oct-2013=100 | AA3: Var. Mensual % | AB3: Var. Mensual absoluta | AC3: Índice, Mayo-2023=100 | AE3: Var. Mensual % | AF3: Var. Mensual absoluta | AG3: Índice, Marzo-2025=100
A4: 39814 | B4: 332.633 | C4: 15.223 | D4: 68.535 | E4: 1182.979 | F4: 54.39 | G4: 403.933 | H4: 1003.797 | I4: 218.286 | J4: 487.742 | K4: 144.589 | L4: 814.716 | M4: 322.844 | N4: 232.437 | O4: 340.573 | P4: 1.501 | Q4: 5624.178 | S4: =A4 -> 39814 | Y4: =E4/$E$61*100 -> 93.445802 | AC4: =G4/$G$176*100 -> 85.753075 | AG4: =H4/$H$200*100 -> 79.745795
A5: 39845 | B5: 329.735 | C5: 15.106 | D5: 68.213 | E5: 1178.469 | F5: 54.459 | G5: 402.106 | H5: 1006.087 | I5: 219.111 | J5: 486.784 | K5: 141.626 | L5: 810.209 | M5: 321.777 | N5: 233.859 | O5: 339.719 | P5: 1.511 | Q5: 5608.771 | S5: =A5 -> 39845 | T5: =Q5/Q4-1 -> -0.0027394225 | U5: =(Q5-Q4)*1000 -> -15407 | W5: =E5/E4-1 -> -0.0038124092 | X5: =(E5-E4)*1000 -> -4510 | Y5: =E5/$E$61*100 -> 93.089548 | AA5: =G5/G4-1 -> -0.0045230273 | AB5: =(G5-G4)*1000 -> -1827 | AC5: =G5/$G$176*100 -> 85.365212 | AE5: =H5/H4-1 -> 0.0022813378 | AF5: =(H5-H4)*1000 -> 2290 | AG5: =H5/$H$200*100 -> 79.927722
A6: 39873 | B6: 328.879 | C6: 15.234 | D6: 67.266 | E6: 1169.22 | F6: 54.46 | G6: 398.956 | H6: 1006.015 | I6: 219.567 | J6: 486.255 | K6: 140.838 | L6: 807.779 | M6: 321.868 | N6: 234.424 | O6: 339.802 | P6: 1.413 | Q6: 5591.976 | S6: =A6 -> 39873 | T6: =Q6/Q5-1 -> -0.0029944171 | U6: =(Q6-Q5)*1000 -> -16795 | W6: =E6/E5-1 -> -0.0078483185 | X6: =(E6-E5)*1000 -> -9249 | Y6: =E6/$E$61*100 -> 92.358952 | AA6: =G6/G5-1 -> -0.0078337553 | AB6: =(G6-G5)*1000 -> -3150 | AC6: =G6/$G$176*100 -> 84.696481 | AE6: =H6/H5-1 -> -7.1564388e-05 | AF6: =(H6-H5)*1000 -> -72 | AG6: =H6/$H$200*100 -> 79.922002
A7: 39904 | B7: 326.886 | C7: 15.268 | D7: 66.935 | E7: 1160.638 | F7: 54.61 | G7: 396.808 | H7: 1005.835 | I7: 220.046 | J7: 486.036 | K7: 140.011 | L7: 802.129 | M7: 322.341 | N7: 235.324 | O7: 339.741 | P7: 1.345 | Q7: 5573.953 | S7: =A7 -> 39904 | T7: =Q7/Q6-1 -> -0.003223011 | U7: =(Q7-Q6)*1000 -> -18023 | W7: =E7/E6-1 -> -0.007339936 | X7: =(E7-E6)*1000 -> -8582 | Y7: =E7/$E$61*100 -> 91.681043 | AA7: =G7/G6-1 -> -0.0053840524 | AB7: =(G7-G6)*1000 -> -2148 | AC7: =G7/$G$176*100 -> 84.240471 | AE7: =H7/H6-1 -> -0.00017892377 | AF7: =(H7-H6)*1000 -> -180 | AG7: =H7/$H$200*100 -> 79.907702
A8: 39934 | B8: 325.081 | C8: 15.377 | D8: 66.975 | E8: 1157.451 | F8: 54.702 | G8: 395.525 | H8: 1005.454 | I8: 219.962 | J8: 485.655 | K8: 139.629 | L8: 801.651 | M8: 322.776 | N8: 236.098 | O8: 340.232 | P8: 1.332 | Q8: 5567.9 | S8: =A8 -> 39934 | T8: =Q8/Q7-1 -> -0.0010859439 | U8: =(Q8-Q7)*1000 -> -6053 | W8: =E8/E7-1 -> -0.0027459035 | X8: =(E8-E7)*1000 -> -3187 | Y8: =E8/$E$61*100 -> 91.429296 | AA8: =G8/G7-1 -> -0.0032333017 | AB8: =(G8-G7)*1000 -> -1283 | AC8: =G8/$G$176*100 -> 83.968096 | AE8: =H8/H7-1 -> -0.00037878976 | AF8: =(H8-H7)*1000 -> -381 | AG8: =H8/$H$200*100 -> 79.877434
A9: 39965 | B9: 326.386 | C9: 15 | D9: 66.949 | E9: 1160.323 | F9: 55.469 | G9: 395.792 | H9: 1006.542 | I9: 220.305 | J9: 485.158 | K9: 139.607 | L9: 801.952 | M9: 324.13 | N9: 237.048 | O9: 340.208 | P9: 1.303 | Q9: 5576.172 | S9: =A9 -> 39965 | T9: =Q9/Q8-1 -> 0.0014856589 | U9: =(Q9-Q8)*1000 -> 8272 | W9: =E9/E8-1 -> 0.0024813145 | X9: =(E9-E8)*1000 -> 2872 | Y9: =E9/$E$61*100 -> 91.656161 | AA9: =G9/G8-1 -> 0.00067505215 | AB9: =(G9-G8)*1000 -> 267 | AC9: =G9/$G$176*100 -> 84.024779 | AE9: =H9/H8-1 -> 0.0010820982 | AF9: =(H9-H8)*1000 -> 1088 | AG9: =H9/$H$200*100 -> 79.963869
A10: 39995 | B10: 327.447 | C10: 14.687 | D10: 66.822 | E10: 1159.728 | F10: 55.51 | G10: 393.752 | H10: 1006.314 | I10: 217.325 | J10: 484.742 | K10: 139.431 | L10: 815.844 | M10: 323.038 | N10: 238.131 | O10: 338.974 | P10: 1.284 | Q10: 5583.029 | S10: =A10 -> 39995 | T10: =Q10/Q9-1 -> 0.0012296966 | U10: =(Q10-Q9)*1000 -> 6857 | W10: =E10/E9-1 -> -0.00051278825 | X10: =(E10-E9)*1000 -> -595 | Y10: =E10/$E$61*100 -> 91.609161 | AA10: =G10/G9-1 -> -0.0051542224 | AB10: =(G10-G9)*1000 -> -2040 | AC10: =G10/$G$176*100 -> 83.591697 | AE10: =H10/H9-1 -> -0.00022651812 | AF10: =(H10-H9)*1000 -> -228 | AG10: =H10/$H$200*100 -> 79.945756
A11: 40026 | B11: 328.554 | C11: 14.652 | D11: 66.68 | E11: 1161.436 | F11: 55.656 | G11: 392.654 | H11: 1007.968 | I11: 218.075 | J11: 484.97 | K11: 139.499 | L11: 797.716 | M11: 324.899 | N11: 238.644 | O11: 340.035 | P11: 1.265 | Q11: 5572.703 | S11: =A11 -> 40026 | T11: =Q11/Q10-1 -> -0.0018495336 | U11: =(Q11-Q10)*1000 -> -10326 | W11: =E11/E10-1 -> 0.0014727591 | X11: =(E11-E10)*1000 -> 1708 | Y11: =E11/$E$61*100 -> 91.744079 | AA11: =G11/G10-1 -> -0.0027885573 | AB11: =(G11-G10)*1000 -> -1098 | AC11: =G11/$G$176*100 -> 83.358596 | AE11: =H11/H10-1 -> 0.0016436222 | AF11: =(H11-H10)*1000 -> 1654 | AG11: =H11/$H$200*100 -> 80.077156
A12: 40057 | B12: 327.357 | C12: 14.775 | D12: 66.606 | E12: 1163.915 | F12: 55.822 | G12: 389.827 | H12: 1010.074 | I12: 219.967 | J12: 484.327 | K12: 139.412 | L12: 802.806 | M12: 326.434 | N12: 239.323 | O12: 343.2 | P12: 1.216 | Q12: 5585.061 | S12: =A12 -> 40057 | T12: =Q12/Q11-1 -> 0.0022175953 | U12: =(Q12-Q11)*1000 -> 12358 | W12: =E12/E11-1 -> 0.0021344267 | X12: =(E12-E11)*1000 -> 2479 | Y12: =E12/$E$61*100 -> 91.9399 | AA12: =G12/G11-1 -> -0.0071997229 | AB12: =(G12-G11)*1000 -> -2827 | AC12: =G12/$G$176*100 -> 82.758438 | AE12: =H12/H11-1 -> 0.002089352 | AF12: =(H12-H11)*1000 -> 2106 | AG12: =H12/$H$200*100 -> 80.244466
A13: 40087 | B13: 328.352 | C13: 14.586 | D13: 66.649 | E13: 1167.484 | F13: 55.965 | G13: 388.271 | H13: 1011.654 | I13: 221.779 | J13: 485.844 | K13: 139.544 | L13: 805.269 | M13: 327.221 | N13: 239.795 | O13: 345.676 | P13: 1.181 | Q13: 5599.27 | S13: =A13 -> 40087 | T13: =Q13/Q12-1 -> 0.0025441083 | U13: =(Q13-Q12)*1000 -> 14209 | W13: =E13/E12-1 -> 0.0030663751 | X13: =(E13-E12)*1000 -> 3569 | Y13: =E13/$E$61*100 -> 92.221822 | AA13: =G13/G12-1 -> -0.0039915142 | AB13: =(G13-G12)*1000 -> -1556 | AC13: =G13/$G$176*100 -> 82.428106 | AE13: =H13/H12-1 -> 0.0015642418 | AF13: =(H13-H12)*1000 -> 1580 | AG13: =H13/$H$200*100 -> 80.369987
A14: 40118 | B14: 328.769 | C14: 14.642 | D14: 66.567 | E14: 1166.998 | F14: 56.06 | G14: 387.357 | H14: 1014.826 | I14: 221.712 | J14: 486.423 | K14: 139.928 | L14: 803.713 | M14: 328.225 | N14: 240.533 | O14: 345.609 | P14: 1.187 | Q14: 5602.549 | S14: =A14 -> 40118 | T14: =Q14/Q13-1 -> 0.00058561205 | U14: =(Q14-Q13)*1000 -> 3279 | W14: =E14/E13-1 -> -0.00041627979 | X14: =(E14-E13)*1000 -> -486 | Y14: =E14/$E$61*100 -> 92.183432 | AA14: =G14/G13-1 -> -0.0023540259 | AB14: =(G14-G13)*1000 -> -914 | AC14: =G14/$G$176*100 -> 82.234068 | AE14: =H14/H13-1 -> 0.0031354594 | AF14: =(H14-H13)*1000 -> 3172 | AG14: =H14/$H$200*100 -> 80.621984
A15: 40148 | B15: 324.799 | C15: 14.705 | D15: 66.722 | E15: 1167.177 | F15: 56.111 | G15: 387.337 | H15: 1014.107 | I15: 222.778 | J15: 487.276 | K15: 140.25 | L15: 809.516 | M15: 328.927 | N15: 241.24 | O15: 347.013 | P15: 1.195 | Q15: 5609.153 | S15: =A15 -> 40148 | T15: =Q15/Q14-1 -> 0.0011787492 | U15: =(Q15-Q14)*1000 -> 6604 | W15: =E15/E14-1 -> 0.00015338501 | X15: =(E15-E14)*1000 -> 179 | Y15: =E15/$E$61*100 -> 92.197571 | AA15: =G15/G14-1 -> -5.1631957e-05 | AB15: =(G15-G14)*1000 -> -20 | AC15: =G15/$G$176*100 -> 82.229822 | AE15: =H15/H14-1 -> -0.00070849584 | AF15: =(H15-H14)*1000 -> -719 | AG15: =H15/$H$200*100 -> 80.564864
A16: 40179 | B16: 323.057 | C16: 14.607 | D16: 66.783 | E16: 1168.457 | F16: 56.173 | G16: 388.259 | H16: 1015.381 | I16: 222.668 | J16: 487.886 | K16: 140.495 | L16: 810.922 | M16: 329.147 | N16: 242.333 | O16: 346.074 | P16: 1.181 | Q16: 5613.423 | S16: =A16 -> 40179 | T16: =Q16/Q15-1 -> 0.00076125575 | U16: =(Q16-Q15)*1000 -> 4270 | W16: =E16/E15-1 -> 0.0010966631 | X16: =(E16-E15)*1000 -> 1280 | Y16: =E16/$E$61*100 -> 92.298681 | AA16: =G16/G15-1 -> 0.0023803561 | AB16: =(G16-G15)*1000 -> 922 | AC16: =G16/$G$176*100 -> 82.425559 | AE16: =H16/H15-1 -> 0.0012562777 | AF16: =(H16-H15)*1000 -> 1274 | AG16: =H16/$H$200*100 -> 80.666076
... A212: 46143 | B212: 322.635 | C212: 13.977 | D212: 86.692 | E212: 1108.347 | F212: 76.358 | G212: 378.194 | H212: 1219.592 | I212: 276.838 | J212: 503.726 | K212: 143.49 | L212: 878.772 | M212: 423.79 | N212: 330.063 | O212: 368.889 | P212: 0.158 | Q212: 6131.521 | S212: =A212 -> 46143 | T212: =Q212/Q211-1 -> -0.0014752678 | U212: =(Q212-Q211)*1000 -> -9059 | W212: =E212/E211-1 -> -0.0028402957 | X212: =(E212-E211)*1000 -> -3157 | Y212: =E212/$E$61*100 -> 87.550476 | AA212: =G212/G211-1 -> -0.0052343076 | AB212: =(G212-G211)*1000 -> -1990 | AC212: =G212/$G$176*100 -> 80.288807 | AE212: =H212/H211-1 -> -0.0034433562 | AF212: =(H212-H211)*1000 -> -4214 | AG212: =H212/$H$200*100 -> 96.889444
A214: MAX | B214: =MAX(B4:B212) -> 342.256 | C214: =MAX(C4:C212) -> 15.377 | D214: =MAX(D4:D212) -> 95.893 | E214: =MAX(E4:E212) -> 1265.952 | F214: =MAX(F4:F212) -> 77.176 | G214: =MAX(G4:G212) -> 471.042 | H214: =MAX(H4:H212) -> 1258.746 | I214: =MAX(I4:I212) -> 288.833 | ... Q214: =MAX(Q4:Q212) -> 6408.136
G215: =G214-G208 -> 90.32

Sheet Cuadro 1
B1: Agro y Pesca | C1: Minería | D1: Industria | E1: EGA | F1: Construcción | G1: Comercio | H1: Hoteles y restaurantes | I1: Transporte | J1: Int. Financiera | K1: Serv. Inmobiliarios | L1: Educación | M1: Salud | N1: Serv. Personales | O1: Sin especificar | P1: Total
A2: 45017 | B2: ='A.2.2'!B175+'A.2.2'!C175 -> 324.455 | C2: ='A.2.2'!D175 -> 91.313 | D2: ='A.2.2'!E175 -> 1187.795 | E2: ='A.2.2'!F175 -> 75.877 | F2: ='A.2.2'!G175 -> 470.21 | G2: ='A.2.2'!H175 -> 1207.74 | H2: ='A.2.2'!I175 -> 282.813 | I2: ='A.2.2'!J175 -> 528.421 | J2: ='A.2.2'!K175 -> 152.857 | ... O2: ='A.2.2'!P175 -> 0.186 | P2: =SUM(B2:O2) -> 6351.312 | S2: 45778 | T2: 45809 | U2: 45839 | V2: 45870 | W2: 45901 | X2: 45931 | Y2: 45962 | Z2: 45992 | AA2: 46023 | AB2: 46054 | AC2: 46082 | AD2: 46113 | AE2: 46143
A3: 45047 | B3: ='A.2.2'!B176+'A.2.2'!C176 -> 325.451 | C3: ='A.2.2'!D176 -> 91.963 | D3: ='A.2.2'!E176 -> 1190.376 | E3: ='A.2.2'!F176 -> 75.89 | F3: ='A.2.2'!G176 -> 471.042 | G3: ='A.2.2'!H176 -> 1212.007 | H3: ='A.2.2'!I176 -> 285.101 | I3: ='A.2.2'!J176 -> 529.128 | J3: ='A.2.2'!K176 -> 152.761 | ... O3: ='A.2.2'!P176 -> 0.189 | P3: =SUM(B3:O3) -> 6368.485 | R3: Agro y Pesca | S3: =+HLOOKUP($R3,$A$51:$P$138,MATCH(S$2,$A$51:$A$138,0),FALSE) -> -0.0028534928 | T3: =+HLOOKUP($R3,$A$51:$P$138,MATCH(T$2,$A$51:$A$138,0),FALSE) -> -0.0036070069 | U3: =+HLOOKUP($R3,$A$51:$P$138,MATCH(U$2,$A$51:$A$138,0),FALSE) -> 0.00080212217 | V3: =+HLOOKUP($R3,$A$51:$P$138,MATCH(V$2,$A$51:$A$138,0),FALSE) -> 0.0018040788 | W3: =+HLOOKUP($R3,$A$51:$P$138,MATCH(W$2,$A$51:$A$138,0),FALSE) -> -0.00063523454 | X3: =+HLOOKUP($R3,$A$51:$P$138,MATCH(X$2,$A$51:$A$138,0),FALSE) -> -0.0028423827 | Y3: =+HLOOKUP($R3,$A$51:$P$138,MATCH(Y$2,$A$51:$A$138,0),FALSE) -> 0.0013440577 | Z3: =+HLOOKUP($R3,$A$51:$P$138,MATCH(Z$2,$A$51:$A$138,0),FALSE) -> -0.001183105 | ... AE3: =+HLOOKUP($R3,$A$51:$P$138,MATCH(AE$2,$A$51:$A$138,0),FALSE) -> 0.0054842641
A4: 45078 | B4: ='A.2.2'!B177+'A.2.2'!C177 -> 327.703 | C4: ='A.2.2'!D177 -> 92.558 | D4: ='A.2.2'!E177 -> 1193.029 | E4: ='A.2.2'!F177 -> 75.908 | F4: ='A.2.2'!G177 -> 470.738 | G4: ='A.2.2'!H177 -> 1218.376 | H4: ='A.2.2'!I177 -> 287.722 | I4: ='A.2.2'!J177 -> 530.247 | J4: ='A.2.2'!K177 -> 152.63 | ... O4: ='A.2.2'!P177 -> 0.183 | P4: =SUM(B4:O4) -> 6386.062 | R4: Minería | S4: =+HLOOKUP($R4,$A$51:$P$138,MATCH(S$2,$A$51:$A$138,0),FALSE) -> -0.010194899 | T4: =+HLOOKUP($R4,$A$51:$P$138,MATCH(T$2,$A$51:$A$138,0),FALSE) -> -0.01032208 | U4: =+HLOOKUP($R4,$A$51:$P$138,MATCH(U$2,$A$51:$A$138,0),FALSE) -> -0.0071249328 | V4: =+HLOOKUP($R4,$A$51:$P$138,MATCH(V$2,$A$51:$A$138,0),FALSE) -> -0.0063523943 | W4: =+HLOOKUP($R4,$A$51:$P$138,MATCH(W$2,$A$51:$A$138,0),FALSE) -> -0.0052347698 | X4: =+HLOOKUP($R4,$A$51:$P$138,MATCH(X$2,$A$51:$A$138,0),FALSE) -> -0.0043377015 | Y4: =+HLOOKUP($R4,$A$51:$P$138,MATCH(Y$2,$A$51:$A$138,0),FALSE) -> -0.0042190223 | Z4: =+HLOOKUP($R4,$A$51:$P$138,MATCH(Z$2,$A$51:$A$138,0),FALSE) -> -0.0076333241 | ... AE4: =+HLOOKUP($R4,$A$51:$P$138,MATCH(AE$2,$A$51:$A$138,0),FALSE) -> 0.0033796296
A5: 45108 | B5: ='A.2.2'!B178+'A.2.2'!C178 -> 330.064 | C5: ='A.2.2'!D178 -> 93.232 | D5: ='A.2.2'!E178 -> 1196.922 | E5: ='A.2.2'!F178 -> 76.089 | F5: ='A.2.2'!G178 -> 468.523 | G5: ='A.2.2'!H178 -> 1224.466 | H5: ='A.2.2'!I178 -> 288.833 | I5: ='A.2.2'!J178 -> 530.623 | J5: ='A.2.2'!K178 -> 152.727 | ... O5: ='A.2.2'!P178 -> 0.176 | P5: =SUM(B5:O5) -> 6404.813 | R5: Industria | S5: =+HLOOKUP($R5,$A$51:$P$138,MATCH(S$2,$A$51:$A$138,0),FALSE) -> -0.0012640289 | T5: =+HLOOKUP($R5,$A$51:$P$138,MATCH(T$2,$A$51:$A$138,0),FALSE) -> -0.0025019644 | U5: =+HLOOKUP($R5,$A$51:$P$138,MATCH(U$2,$A$51:$A$138,0),FALSE) -> -0.0034185997 | V5: =+HLOOKUP($R5,$A$51:$P$138,MATCH(V$2,$A$51:$A$138,0),FALSE) -> -0.0030949207 | W5: =+HLOOKUP($R5,$A$51:$P$138,MATCH(W$2,$A$51:$A$138,0),FALSE) -> -0.0042399294 | X5: =+HLOOKUP($R5,$A$51:$P$138,MATCH(X$2,$A$51:$A$138,0),FALSE) -> -0.0050035883 | Y5: =+HLOOKUP($R5,$A$51:$P$138,MATCH(Y$2,$A$51:$A$138,0),FALSE) -> -0.0048901107 | Z5: =+HLOOKUP($R5,$A$51:$P$138,MATCH(Z$2,$A$51:$A$138,0),FALSE) -> -0.0044653171 | ... AE5: =+HLOOKUP($R5,$A$51:$P$138,MATCH(AE$2,$A$51:$A$138,0),FALSE) -> -0.0028402957
A6: 45139 | B6: ='A.2.2'!B179+'A.2.2'!C179 -> 330.037 | C6: ='A.2.2'!D179 -> 93.728 | D6: ='A.2.2'!E179 -> 1198.014 | E6: ='A.2.2'!F179 -> 76.279 | F6: ='A.2.2'!G179 -> 465.01 | G6: ='A.2.2'!H179 -> 1228.656 | H6: ='A.2.2'!I179 -> 288.807 | I6: ='A.2.2'!J179 -> 530.935 | J6: ='A.2.2'!K179 -> 152.476 | ... O6: ='A.2.2'!P179 -> 0.163 | P6: =SUM(B6:O6) -> 6408.136 | R6: EGA | S6: =+HLOOKUP($R6,$A$51:$P$138,MATCH(S$2,$A$51:$A$138,0),FALSE) -> 0.0037503948 | T6: =+HLOOKUP($R6,$A$51:$P$138,MATCH(T$2,$A$51:$A$138,0),FALSE) -> -0.00014421123 | U6: =+HLOOKUP($R6,$A$51:$P$138,MATCH(U$2,$A$51:$A$138,0),FALSE) -> -7.8672016e-05 | V6: =+HLOOKUP($R6,$A$51:$P$138,MATCH(V$2,$A$51:$A$138,0),FALSE) -> 0.0014293207 | W6: =+HLOOKUP($R6,$A$51:$P$138,MATCH(W$2,$A$51:$A$138,0),FALSE) -> 0.0009296966 | X6: =+HLOOKUP($R6,$A$51:$P$138,MATCH(X$2,$A$51:$A$138,0),FALSE) -> -7.8492936e-05 | Y6: =+HLOOKUP($R6,$A$51:$P$138,MATCH(Y$2,$A$51:$A$138,0),FALSE) -> -0.00014391501 | Z6: =+HLOOKUP($R6,$A$51:$P$138,MATCH(Z$2,$A$51:$A$138,0),FALSE) -> -7.8510396e-05 | ... AE6: =+HLOOKUP($R6,$A$51:$P$138,MATCH(AE$2,$A$51:$A$138,0),FALSE) -> 0.00057656524
A7: 45170 | B7: ='A.2.2'!B180+'A.2.2'!C180 -> 325.82 | C7: ='A.2.2'!D180 -> 93.921 | D7: ='A.2.2'!E180 -> 1196.233 | E7: ='A.2.2'!F180 -> 76.485 | F7: ='A.2.2'!G180 -> 458.539 | G7: ='A.2.2'!H180 -> 1229.838 | H7: ='A.2.2'!I180 -> 288.316 | I7: ='A.2.2'!J180 -> 531.368 | J7: ='A.2.2'!K180 -> 152.37 | ... O7: ='A.2.2'!P180 -> 0.153 | P7: =SUM(B7:O7) -> 6393.259 | R7: Construcción | S7: =+HLOOKUP($R7,$A$51:$P$138,MATCH(S$2,$A$51:$A$138,0),FALSE) -> -0.00024755669 | T7: =+HLOOKUP($R7,$A$51:$P$138,MATCH(T$2,$A$51:$A$138,0),FALSE) -> -0.00081661253 | U7: =+HLOOKUP($R7,$A$51:$P$138,MATCH(U$2,$A$51:$A$138,0),FALSE) -> 0.00017663792 | V7: =+HLOOKUP($R7,$A$51:$P$138,MATCH(V$2,$A$51:$A$138,0),FALSE) -> -0.002778261 | W7: =+HLOOKUP($R7,$A$51:$P$138,MATCH(W$2,$A$51:$A$138,0),FALSE) -> -0.0034600338 | X7: =+HLOOKUP($R7,$A$51:$P$138,MATCH(X$2,$A$51:$A$138,0),FALSE) -> -0.0011166783 | Y7: =+HLOOKUP($R7,$A$51:$P$138,MATCH(Y$2,$A$51:$A$138,0),FALSE) -> -0.0026102658 | Z7: =+HLOOKUP($R7,$A$51:$P$138,MATCH(Z$2,$A$51:$A$138,0),FALSE) -> 0.0043343175 | ... AE7: =+HLOOKUP($R7,$A$51:$P$138,MATCH(AE$2,$A$51:$A$138,0),FALSE) -> -0.0052343076
A8: 45200 | B8: ='A.2.2'!B181+'A.2.2'!C181 -> 323.318 | C8: ='A.2.2'!D181 -> 94.247 | D8: ='A.2.2'!E181 -> 1196.018 | E8: ='A.2.2'!F181 -> 76.786 | F8: ='A.2.2'!G181 -> 449.372 | G8: ='A.2.2'!H181 -> 1231.919 | H8: ='A.2.2'!I181 -> 288.076 | I8: ='A.2.2'!J181 -> 529.668 | J8: ='A.2.2'!K181 -> 152.351 | ... O8: ='A.2.2'!P181 -> 0.156 | P8: =SUM(B8:O8) -> 6380.831 | R8: Comercio | S8: =+HLOOKUP($R8,$A$51:$P$138,MATCH(S$2,$A$51:$A$138,0),FALSE) -> 0.0019174791 | T8: =+HLOOKUP($R8,$A$51:$P$138,MATCH(T$2,$A$51:$A$138,0),FALSE) -> -0.00080159143 | U8: =+HLOOKUP($R8,$A$51:$P$138,MATCH(U$2,$A$51:$A$138,0),FALSE) -> -0.0011616101 | V8: =+HLOOKUP($R8,$A$51:$P$138,MATCH(V$2,$A$51:$A$138,0),FALSE) -> -0.001619071 | W8: =+HLOOKUP($R8,$A$51:$P$138,MATCH(W$2,$A$51:$A$138,0),FALSE) -> -0.0030655966 | X8: =+HLOOKUP($R8,$A$51:$P$138,MATCH(X$2,$A$51:$A$138,0),FALSE) -> -0.0033381398 | Y8: =+HLOOKUP($R8,$A$51:$P$138,MATCH(Y$2,$A$51:$A$138,0),FALSE) -> -0.0042159389 | Z8: =+HLOOKUP($R8,$A$51:$P$138,MATCH(Z$2,$A$51:$A$138,0),FALSE) -> -0.0029452791 | ... AE8: =+HLOOKUP($R8,$A$51:$P$138,MATCH(AE$2,$A$51:$A$138,0),FALSE) -> -0.0034433562
A9: 45231 | B9: ='A.2.2'!B182+'A.2.2'!C182 -> 322.278 | C9: ='A.2.2'!D182 -> 94.639 | D9: ='A.2.2'!E182 -> 1193.908 | E9: ='A.2.2'!F182 -> 76.981 | F9: ='A.2.2'!G182 -> 440.941 | G9: ='A.2.2'!H182 -> 1233.221 | H9: ='A.2.2'!I182 -> 287.75 | I9: ='A.2.2'!J182 -> 529.39 | J9: ='A.2.2'!K182 -> 152.086 | ... O9: ='A.2.2'!P182 -> 0.144 | P9: =SUM(B9:O9) -> 6372.697 | R9: Hoteles y restaurantes | S9: =+HLOOKUP($R9,$A$51:$P$138,MATCH(S$2,$A$51:$A$138,0),FALSE) -> 0.0026223589 | T9: =+HLOOKUP($R9,$A$51:$P$138,MATCH(T$2,$A$51:$A$138,0),FALSE) -> -0.0015799756 | U9: =+HLOOKUP($R9,$A$51:$P$138,MATCH(U$2,$A$51:$A$138,0),FALSE) -> -0.0034429542 | V9: =+HLOOKUP($R9,$A$51:$P$138,MATCH(V$2,$A$51:$A$138,0),FALSE) -> 4.291738e-05 | W9: =+HLOOKUP($R9,$A$51:$P$138,MATCH(W$2,$A$51:$A$138,0),FALSE) -> -0.00095844703 | X9: =+HLOOKUP($R9,$A$51:$P$138,MATCH(X$2,$A$51:$A$138,0),FALSE) -> -0.0017862832 | Y9: =+HLOOKUP($R9,$A$51:$P$138,MATCH(Y$2,$A$51:$A$138,0),FALSE) -> 0.00073874313 | Z9: =+HLOOKUP($R9,$A$51:$P$138,MATCH(Z$2,$A$51:$A$138,0),FALSE) -> -0.0046621133 | ... AE9: =+HLOOKUP($R9,$A$51:$P$138,MATCH(AE$2,$A$51:$A$138,0),FALSE) -> -0.0014319981
A10: 45261 | B10: ='A.2.2'!B183+'A.2.2'!C183 -> 327.685 | C10: ='A.2.2'!D183 -> 94.995 | D10: ='A.2.2'!E183 -> 1192.108 | E10: ='A.2.2'!F183 -> 77.068 | F10: ='A.2.2'!G183 -> 427.241 | G10: ='A.2.2'!H183 -> 1234.486 | H10: ='A.2.2'!I183 -> 287.239 | I10: ='A.2.2'!J183 -> 528.91 | J10: ='A.2.2'!K183 -> 152.109 | ... O10: ='A.2.2'!P183 -> 0.145 | P10: =SUM(B10:O10) -> 6361.318 | R10: Transporte | S10: =+HLOOKUP($R10,$A$51:$P$138,MATCH(S$2,$A$51:$A$138,0),FALSE) -> 0.0030888659 | T10: =+HLOOKUP($R10,$A$51:$P$138,MATCH(T$2,$A$51:$A$138,0),FALSE) -> -0.0055269965 | U10: =+HLOOKUP($R10,$A$51:$P$138,MATCH(U$2,$A$51:$A$138,0),FALSE) -> -0.00054586425 | V10: =+HLOOKUP($R10,$A$51:$P$138,MATCH(V$2,$A$51:$A$138,0),FALSE) -> -9.9125557e-05 | W10: =+HLOOKUP($R10,$A$51:$P$138,MATCH(W$2,$A$51:$A$138,0),FALSE) -> -0.0021945853 | X10: =+HLOOKUP($R10,$A$51:$P$138,MATCH(X$2,$A$51:$A$138,0),FALSE) -> -0.0013402972 | Y10: =+HLOOKUP($R10,$A$51:$P$138,MATCH(Y$2,$A$51:$A$138,0),FALSE) -> -0.0022628362 | Z10: =+HLOOKUP($R10,$A$51:$P$138,MATCH(Z$2,$A$51:$A$138,0),FALSE) -> -0.0013197229 | ... AE10: =+HLOOKUP($R10,$A$51:$P$138,MATCH(AE$2,$A$51:$A$138,0),FALSE) -> -0.0033556117
A11: 45292 | B11: ='A.2.2'!B184+'A.2.2'!C184 -> 332.003 | C11: ='A.2.2'!D184 -> 95.338 | D11: ='A.2.2'!E184 -> 1188.647 | E11: ='A.2.2'!F184 -> 77.176 | F11: ='A.2.2'!G184 -> 407.041 | G11: ='A.2.2'!H184 -> 1231.14 | H11: ='A.2.2'!I184 -> 284.027 | I11: ='A.2.2'!J184 -> 527.248 | J11: ='A.2.2'!K184 -> 152.03 | ... O11: ='A.2.2'!P184 -> 0.142 | P11: =SUM(B11:O11) -> 6326.652 | R11: Intermediación Financiera | S11: =+HLOOKUP($R11,$A$51:$P$138,MATCH(S$2,$A$51:$A$138,0),FALSE) -> -0.0024273776 | T11: =+HLOOKUP($R11,$A$51:$P$138,MATCH(T$2,$A$51:$A$138,0),FALSE) -> -0.0040687702 | U11: =+HLOOKUP($R11,$A$51:$P$138,MATCH(U$2,$A$51:$A$138,0),FALSE) -> -0.00048730992 | V11: =+HLOOKUP($R11,$A$51:$P$138,MATCH(V$2,$A$51:$A$138,0),FALSE) -> -0.0055700632 | W11: =+HLOOKUP($R11,$A$51:$P$138,MATCH(W$2,$A$51:$A$138,0),FALSE) -> -0.0017260486 | X11: =+HLOOKUP($R11,$A$51:$P$138,MATCH(X$2,$A$51:$A$138,0),FALSE) -> -0.0027785627 | Y11: =+HLOOKUP($R11,$A$51:$P$138,MATCH(Y$2,$A$51:$A$138,0),FALSE) -> -0.0025704166 | Z11: =+HLOOKUP($R11,$A$51:$P$138,MATCH(Z$2,$A$51:$A$138,0),FALSE) -> -0.0044438733 | ... AE11: =+HLOOKUP($R11,$A$51:$P$138,MATCH(AE$2,$A$51:$A$138,0),FALSE) -> -0.002086376
A12: 45323 | B12: ='A.2.2'!B185+'A.2.2'!C185 -> 333.523 | C12: ='A.2.2'!D185 -> 95.635 | D12: ='A.2.2'!E185 -> 1185.455 | E12: ='A.2.2'!F185 -> 77.144 | F12: ='A.2.2'!G185 -> 394.359 | G12: ='A.2.2'!H185 -> 1229.552 | H12: ='A.2.2'!I185 -> 283.554 | I12: ='A.2.2'!J185 -> 525.056 | J12: ='A.2.2'!K185 -> 151.838 | ... O12: ='A.2.2'!P185 -> 0.135 | P12: =SUM(B12:O12) -> 6300.738 | R12: Servicios Inmobiliarios | S12: =+HLOOKUP($R12,$A$51:$P$138,MATCH(S$2,$A$51:$A$138,0),FALSE) -> 0.0012915916 | T12: =+HLOOKUP($R12,$A$51:$P$138,MATCH(T$2,$A$51:$A$138,0),FALSE) -> -0.0038809255 | U12: =+HLOOKUP($R12,$A$51:$P$138,MATCH(U$2,$A$51:$A$138,0),FALSE) -> -0.0040572151 | V12: =+HLOOKUP($R12,$A$51:$P$138,MATCH(V$2,$A$51:$A$138,0),FALSE) -> -0.0030578359 | W12: =+HLOOKUP($R12,$A$51:$P$138,MATCH(W$2,$A$51:$A$138,0),FALSE) -> -0.00049147583 | X12: =+HLOOKUP($R12,$A$51:$P$138,MATCH(X$2,$A$51:$A$138,0),FALSE) -> -0.0025476831 | Y12: =+HLOOKUP($R12,$A$51:$P$138,MATCH(Y$2,$A$51:$A$138,0),FALSE) -> -0.0035503133 | Z12: =+HLOOKUP($R12,$A$51:$P$138,MATCH(Z$2,$A$51:$A$138,0),FALSE) -> -0.0020129606 | ... AE12: =+HLOOKUP($R12,$A$51:$P$138,MATCH(AE$2,$A$51:$A$138,0),FALSE) -> 0.00080062045
A13: 45352 | B13: ='A.2.2'!B186+'A.2.2'!C186 -> 332.565 | C13: ='A.2.2'!D186 -> 95.835 | D13: ='A.2.2'!E186 -> 1181.797 | E13: ='A.2.2'!F186 -> 77.062 | F13: ='A.2.2'!G186 -> 384.136 | G13: ='A.2.2'!H186 -> 1227.72 | H13: ='A.2.2'!I186 -> 283.487 | I13: ='A.2.2'!J186 -> 523.186 | J13: ='A.2.2'!K186 -> 151.699 | ... O13: ='A.2.2'!P186 -> 0.123 | P13: =SUM(B13:O13) -> 6275.855 | R13: Educación | S13: =+HLOOKUP($R13,$A$51:$P$138,MATCH(S$2,$A$51:$A$138,0),FALSE) -> 0.00097404133 | T13: =+HLOOKUP($R13,$A$51:$P$138,MATCH(T$2,$A$51:$A$138,0),FALSE) -> 0.0013132038 | U13: =+HLOOKUP($R13,$A$51:$P$138,MATCH(U$2,$A$51:$A$138,0),FALSE) -> -0.00022172531 | V13: =+HLOOKUP($R13,$A$51:$P$138,MATCH(V$2,$A$51:$A$138,0),FALSE) -> -0.00074789904 | W13: =+HLOOKUP($R13,$A$51:$P$138,MATCH(W$2,$A$51:$A$138,0),FALSE) -> 0.0001062481 | X13: =+HLOOKUP($R13,$A$51:$P$138,MATCH(X$2,$A$51:$A$138,0),FALSE) -> 0.00043675133 | Y13: =+HLOOKUP($R13,$A$51:$P$138,MATCH(Y$2,$A$51:$A$138,0),FALSE) -> -0.00099819004 | Z13: =+HLOOKUP($R13,$A$51:$P$138,MATCH(Z$2,$A$51:$A$138,0),FALSE) -> 0.0012070562 | ... AE13: =+HLOOKUP($R13,$A$51:$P$138,MATCH(AE$2,$A$51:$A$138,0),FALSE) -> -0.00085346762
A14: 45383 | B14: ='A.2.2'!B187+'A.2.2'!C187 -> 333.345 | C14: ='A.2.2'!D187 -> 95.633 | D14: ='A.2.2'!E187 -> 1177.019 | E14: ='A.2.2'!F187 -> 76.805 | F14: ='A.2.2'!G187 -> 376.403 | G14: ='A.2.2'!H187 -> 1227.066 | H14: ='A.2.2'!I187 -> 283.331 | I14: ='A.2.2'!J187 -> 522.527 | J14: ='A.2.2'!K187 -> 151.652 | ... O14: ='A.2.2'!P187 -> 0.106 | P14: =SUM(B14:O14) -> 6258.796 | R14: Salud | S14: =+HLOOKUP($R14,$A$51:$P$138,MATCH(S$2,$A$51:$A$138,0),FALSE) -> 0.00021801995 | T14: =+HLOOKUP($R14,$A$51:$P$138,MATCH(T$2,$A$51:$A$138,0),FALSE) -> 0.00031787646 | U14: =+HLOOKUP($R14,$A$51:$P$138,MATCH(U$2,$A$51:$A$138,0),FALSE) -> -0.00029053756 | V14: =+HLOOKUP($R14,$A$51:$P$138,MATCH(V$2,$A$51:$A$138,0),FALSE) -> -0.00023613037 | W14: =+HLOOKUP($R14,$A$51:$P$138,MATCH(W$2,$A$51:$A$138,0),FALSE) -> -0.00022407403 | X14: =+HLOOKUP($R14,$A$51:$P$138,MATCH(X$2,$A$51:$A$138,0),FALSE) -> -0.00023623907 | Y14: =+HLOOKUP($R14,$A$51:$P$138,MATCH(Y$2,$A$51:$A$138,0),FALSE) -> -0.00043017789 | Z14: =+HLOOKUP($R14,$A$51:$P$138,MATCH(Z$2,$A$51:$A$138,0),FALSE) -> 0.00028791892 | ... AE14: =+HLOOKUP($R14,$A$51:$P$138,MATCH(AE$2,$A$51:$A$138,0),FALSE) -> 0.00074586816
... A16: 45444 | B16: ='A.2.2'!B189+'A.2.2'!C189 -> 335.72 | C16: ='A.2.2'!D189 -> 95.893 | D16: ='A.2.2'!E189 -> 1167.788 | E16: ='A.2.2'!F189 -> 76.189 | F16: ='A.2.2'!G189 -> 372.784 | G16: ='A.2.2'!H189 -> 1227.579 | H16: ='A.2.2'!I189 -> 281.535 | I16: ='A.2.2'!J189 -> 520.375 | J16: ='A.2.2'!K189 -> 151.712 | ... O16: ='A.2.2'!P189 -> 0.102 | P16: =SUM(B16:O16) -> 6239.26 | R16: Total | S16: =+HLOOKUP($R16,$A$51:$P$138,MATCH(S$2,$A$51:$A$138,0),FALSE) -> 0.00035819666 | T16: =+HLOOKUP($R16,$A$51:$P$138,MATCH(T$2,$A$51:$A$138,0),FALSE) -> -0.0023250511 | U16: =+HLOOKUP($R16,$A$51:$P$138,MATCH(U$2,$A$51:$A$138,0),FALSE) -> -0.0019373398 | V16: =+HLOOKUP($R16,$A$51:$P$138,MATCH(V$2,$A$51:$A$138,0),FALSE) -> -0.0017364619 | W16: =+HLOOKUP($R16,$A$51:$P$138,MATCH(W$2,$A$51:$A$138,0),FALSE) -> -0.0020531544 | X16: =+HLOOKUP($R16,$A$51:$P$138,MATCH(X$2,$A$51:$A$138,0),FALSE) -> -0.0025293369 | Y16: =+HLOOKUP($R16,$A$51:$P$138,MATCH(Y$2,$A$51:$A$138,0),FALSE) -> -0.0026542814 | Z16: =+HLOOKUP($R16,$A$51:$P$138,MATCH(Z$2,$A$51:$A$138,0),FALSE) -> -0.0020456091 | ... AE16: =+HLOOKUP($R16,$A$51:$P$138,MATCH(AE$2,$A$51:$A$138,0),FALSE) -> -0.0014752678
A17: 45474 | B17: ='A.2.2'!B190+'A.2.2'!C190 -> 334.454 | C17: ='A.2.2'!D190 -> 95.727 | D17: ='A.2.2'!E190 -> 1165.849 | E17: ='A.2.2'!F190 -> 76.18 | F17: ='A.2.2'!G190 -> 371.823 | G17: ='A.2.2'!H190 -> 1228.423 | H17: ='A.2.2'!I190 -> 281.063 | I17: ='A.2.2'!J190 -> 520.084 | J17: ='A.2.2'!K190 -> 151.45 | ... O17: ='A.2.2'!P190 -> 0.091 | P17: =SUM(B17:O17) -> 6233.118
A18: 45505 | B18: ='A.2.2'!B191+'A.2.2'!C191 -> 335.769 | C18: ='A.2.2'!D191 -> 95.526 | D18: ='A.2.2'!E191 -> 1165.812 | E18: ='A.2.2'!F191 -> 75.881 | F18: ='A.2.2'!G191 -> 372.688 | G18: ='A.2.2'!H191 -> 1232.053 | H18: ='A.2.2'!I191 -> 280.385 | I18: ='A.2.2'!J191 -> 519.196 | J18: ='A.2.2'!K191 -> 151.831 | ... O18: ='A.2.2'!P191 -> 0.086 | P18: =SUM(B18:O18) -> 6237.229 | R18: Variación mensual en miles
A19: 45536 | B19: ='A.2.2'!B192+'A.2.2'!C192 -> 335.741 | C19: ='A.2.2'!D192 -> 95.441 | D19: ='A.2.2'!E192 -> 1167.398 | E19: ='A.2.2'!F192 -> 75.909 | F19: ='A.2.2'!G192 -> 373.921 | G19: ='A.2.2'!H192 -> 1237.094 | H19: ='A.2.2'!I192 -> 280.254 | I19: ='A.2.2'!J192 -> 518.715 | J19: ='A.2.2'!K192 -> 151.657 | ... O19: ='A.2.2'!P192 -> 0.093 | P19: =SUM(B19:O19) -> 6246.337 | S19: =A21 -> 45597 | T19: =A22 -> 45627 | U19: =A23 -> 45658 | V19: =A24 -> 45689 | W19: =A25 -> 45717 | X19: =A26 -> 45748 | Y19: =A27 -> 45778 | Z19: =A28 -> 45809 | AA19: =A29 -> 45839 | AB19: =A30 -> 45870 | AC19: =A31 -> 45901 | AD19: =A32 -> 45931 | AE19: =A33 -> 45962
A20: 45566 | B20: ='A.2.2'!B193+'A.2.2'!C193 -> 336.16 | C20: ='A.2.2'!D193 -> 95.194 | D20: ='A.2.2'!E193 -> 1169.927 | E20: ='A.2.2'!F193 -> 75.884 | F20: ='A.2.2'!G193 -> 372.544 | G20: ='A.2.2'!H193 -> 1241.625 | H20: ='A.2.2'!I193 -> 280.371 | I20: ='A.2.2'!J193 -> 518.4 | J20: ='A.2.2'!K193 -> 151.521 | ... O20: ='A.2.2'!P193 -> 0.081 | P20: =SUM(B20:O20) -> 6253.879 | R20: Agro y Pesca | S20: =$B$111 -> 0.124 | T20: =$B$112 -> 0.229 | U20: =$B$113 -> -1.145 | V20: =$B$114 -> -0.765 | W20: =$B$115 -> -3.85 | X20: =$B$116 -> 4.275 | Y20: =$B$117 -> -0.956 | Z20: =$B$118 -> -1.205 | AA20: =$B$119 -> 0.267 | AB20: =$B$122 -> -0.948 | AC20: =$B123 -> 0.447 | AD20: =$B124 -> -0.394 | AE20: =$B125 -> -0.258
A21: 45597 | B21: ='A.2.2'!B194+'A.2.2'!C194 -> 336.284 | C21: ='A.2.2'!D194 -> 94.772 | D21: ='A.2.2'!E194 -> 1168.927 | E21: ='A.2.2'!F194 -> 75.96 | F21: ='A.2.2'!G194 -> 373.123 | G21: ='A.2.2'!H194 -> 1246.004 | H21: ='A.2.2'!I194 -> 279.765 | I21: ='A.2.2'!J194 -> 518.177 | J21: ='A.2.2'!K194 -> 151.404 | ... O21: ='A.2.2'!P194 -> 0.086 | P21: =SUM(B21:O21) -> 6255.158 | R21: Minería | S21: =$C$111 -> -0.422 | T21: =$C$112 -> -0.393 | U21: =$C$113 -> -0.351 | V21: =$C$114 -> -1.156 | W21: =$C$115 -> -1.107 | X21: =$C$116 -> -0.641 | Y21: =$C$117 -> -0.929 | Z21: =$C$118 -> -0.931 | AA21: =$C$119 -> -0.636 | AB21: =$C$122 -> -0.38 | AC21: =$C$123 -> -0.368 | AD21: =$C$124 -> -0.663 | AE21: =$C$125 -> -0.197
A22: 45627 | B22: ='A.2.2'!B195+'A.2.2'!C195 -> 336.513 | C22: ='A.2.2'!D195 -> 94.379 | D22: ='A.2.2'!E195 -> 1167.137 | E22: ='A.2.2'!F195 -> 75.962 | F22: ='A.2.2'!G195 -> 376.615 | G22: ='A.2.2'!H195 -> 1249.97 | H22: ='A.2.2'!I195 -> 279.782 | I22: ='A.2.2'!J195 -> 516.72 | J22: ='A.2.2'!K195 -> 151.41 | ... O22: ='A.2.2'!P195 -> 0.086 | P22: =SUM(B22:O22) -> 6263.756 | R22: Industria | S22: =$D$111 -> -1 | T22: =$D$112 -> -1.79 | U22: =$D$113 -> -0.133 | V22: =$D$114 -> -0.504 | W22: =$D$115 -> -2.759 | X22: =$D$116 -> -1.584 | Y22: =$D$117 -> -1.469 | Z22: =$D$118 -> -2.904 | AA22: =$D$119 -> -3.958 | AB22: =$D$122 -> -5.731 | AC22: =$D$123 -> -5.573 | AD22: =$D$124 -> -5.064 | AE22: =$D$125 -> -4.448
A23: 45658 | B23: ='A.2.2'!B196+'A.2.2'!C196 -> 335.368 | C23: ='A.2.2'!D196 -> 94.028 | D23: ='A.2.2'!E196 -> 1167.004 | E23: ='A.2.2'!F196 -> 75.943 | F23: ='A.2.2'!G196 -> 378.657 | G23: ='A.2.2'!H196 -> 1250.299 | H23: ='A.2.2'!I196 -> 277.9 | I23: ='A.2.2'!J196 -> 515.585 | J23: ='A.2.2'!K196 -> 151.138 | ... O23: ='A.2.2'!P196 -> 0.091 | P23: =SUM(B23:O23) -> 6254.669 | R23: EGA | S23: =$E$111 -> 0.076 | T23: =$D$112 -> -1.79 | U23: =$E$113 -> -0.019 | V23: =$E$114 -> 0.055 | W23: =$E$115 -> -0.116 | X23: =$E$116 -> 0.11 | Y23: =$E$117 -> 0.285 | Z23: =$E$118 -> -0.011 | AA23: =$E$119 -> -0.006 | AB23: =$E$122 -> -0.006 | AC23: =$E$123 -> -0.011 | AD23: =$E$124 -> -0.006 | AE23: =$E$125 -> 0.033
A24: 45689 | B24: ='A.2.2'!B197+'A.2.2'!C197 -> 334.603 | C24: ='A.2.2'!D197 -> 92.872 | D24: ='A.2.2'!E197 -> 1166.5 | E24: ='A.2.2'!F197 -> 75.998 | F24: ='A.2.2'!G197 -> 381.054 | G24: ='A.2.2'!H197 -> 1252.513 | H24: ='A.2.2'!I197 -> 279.233 | I24: ='A.2.2'!J197 -> 515.665 | J24: ='A.2.2'!K197 -> 151.091 | ... O24: ='A.2.2'!P197 -> 0.089 | P24: =SUM(B24:O24) -> 6265.325 | R24: Construcción | S24: =$F$111 -> 0.579 | T24: =$F$112 -> 3.492 | U24: =$F$113 -> 2.042 | V24: =$F$114 -> 2.397 | W24: =$F$115 -> -3.144 | X24: =$F$116 -> 1.801 | Y24: =$F$117 -> -0.094 | Z24: =$F$118 -> -0.31 | AA24: =$F$119 -> 0.067 | AB24: =$F$122 -> -0.421 | AC24: =$F$123 -> -0.983 | AD24: =$F$124 -> 1.628 | AE24: =$F$125 -> 3.487
A25: 45717 | B25: ='A.2.2'!B198+'A.2.2'!C198 -> 330.753 | C25: ='A.2.2'!D198 -> 91.765 | D25: ='A.2.2'!E198 -> 1163.741 | E25: ='A.2.2'!F198 -> 75.882 | F25: ='A.2.2'!G198 -> 377.91 | G25: ='A.2.2'!H198 -> 1253.039 | H25: ='A.2.2'!I198 -> 280.613 | I25: ='A.2.2'!J198 -> 515.74 | J25: ='A.2.2'!K198 -> 150.991 | ... O25: ='A.2.2'!P198 -> 0.083 | P25: =SUM(B25:O25) -> 6254.244 | R25: Comercio | S25: =$G$111 -> 4.379 | T25: =$G$112 -> 3.966 | U25: =$G$113 -> 0.329 | V25: =$G$114 -> 2.214 | W25: =$G$115 -> 0.526 | X25: =$G$116 -> 3.298 | Y25: =$G$117 -> 2.409 | Z25: =$G$118 -> -1.009 | AA25: =$G$119 -> -1.461 | AB25: =$G$122 -> -4.174 | AC25: =$G$123 -> -5.254 | AD25: =$G$124 -> -3.655 | AE25: =$G$125 -> -4.007
A26: 45748 | B26: ='A.2.2'!B199+'A.2.2'!C199 -> 335.028 | C26: ='A.2.2'!D199 -> 91.124 | D26: ='A.2.2'!E199 -> 1162.157 | E26: ='A.2.2'!F199 -> 75.992 | F26: ='A.2.2'!G199 -> 379.711 | G26: ='A.2.2'!H199 -> 1256.337 | H26: ='A.2.2'!I199 -> 280.282 | I26: ='A.2.2'!J199 -> 516.047 | J26: ='A.2.2'!K199 -> 150.78 | ... O26: ='A.2.2'!P199 -> 0.077 | P26: =SUM(B26:O26) -> 6264.715 | R26: Hoteles y restaurantes | S26: =$H$111 -> -0.606 | T26: =$H$112 -> 0.017 | U26: =$H$113 -> -1.882 | V26: =$H$114 -> 1.333 | W26: =$H$115 -> 1.38 | X26: =$H$116 -> -0.331 | Y26: =$H$117 -> 0.735 | Z26: =$H$118 -> -0.444 | AA26: =$H$119 -> -0.966 | AB26: =$H$122 -> -0.499 | AC26: =$H$123 -> 0.206 | AD26: =$H$124 -> -1.301 | AE26: =$H$125 -> -1.68
A27: 45778 | B27: ='A.2.2'!B200+'A.2.2'!C200 -> 334.072 | C27: ='A.2.2'!D200 -> 90.195 | D27: ='A.2.2'!E200 -> 1160.688 | E27: ='A.2.2'!F200 -> 76.277 | F27: ='A.2.2'!G200 -> 379.617 | G27: ='A.2.2'!H200 -> 1258.746 | H27: ='A.2.2'!I200 -> 281.017 | I27: ='A.2.2'!J200 -> 517.641 | J27: ='A.2.2'!K200 -> 150.414 | ... O27: ='A.2.2'!P200 -> 0.077 | P27: =SUM(B27:O27) -> 6266.959 | R27: Transporte | S27: =$I$111 -> -0.223 | T27: =$I$112 -> -1.457 | U27: =$I$113 -> -1.135 | V27: =$I$114 -> 0.08 | W27: =$I$115 -> 0.075 | X27: =$I$116 -> 0.307 | Y27: =$I$117 -> 1.594 | Z27: =$I$118 -> -2.861 | AA27: =$I$119 -> -0.281 | AB27: =$I$122 -> -0.688 | AC27: =$I$123 -> -1.16 | AD27: =$I$124 -> -0.675 | AE27: =$I$125 -> -0.322
A28: 45809 | B28: ='A.2.2'!B201+'A.2.2'!C201 -> 332.867 | C28: ='A.2.2'!D201 -> 89.264 | D28: ='A.2.2'!E201 -> 1157.784 | E28: ='A.2.2'!F201 -> 76.266 | F28: ='A.2.2'!G201 -> 379.307 | G28: ='A.2.2'!H201 -> 1257.737 | H28: ='A.2.2'!I201 -> 280.573 | I28: ='A.2.2'!J201 -> 514.78 | J28: ='A.2.2'!K201 -> 149.802 | ... O28: ='A.2.2'!P201 -> 0.066 | P28: =SUM(B28:O28) -> 6252.388 | R28: Intermediación Financiera | S28: =$J$111 -> -0.117 | T28: =$J$112 -> 0.006 | U28: =$J$113 -> -0.272 | V28: =$J$114 -> -0.047 | W28: =$J$115 -> -0.1 | X28: =$J$116 -> -0.211 | Y28: =$J$117 -> -0.366 | Z28: =$J$118 -> -0.612 | AA28: =$J$119 -> -0.073 | AB28: =$J$122 -> -0.413 | AC28: =$J$123 -> -0.381 | AD28: =$J$124 -> -0.657 | AE28: =$J$125 -> -0.444
A29: 45839 | B29: ='A.2.2'!B202+'A.2.2'!C202 -> 333.134 | C29: ='A.2.2'!D202 -> 88.628 | D29: ='A.2.2'!E202 -> 1153.826 | E29: ='A.2.2'!F202 -> 76.26 | F29: ='A.2.2'!G202 -> 379.374 | G29: ='A.2.2'!H202 -> 1256.276 | H29: ='A.2.2'!I202 -> 279.607 | I29: ='A.2.2'!J202 -> 514.499 | J29: ='A.2.2'!K202 -> 149.729 | ... O29: ='A.2.2'!P202 -> 0.064 | P29: =SUM(B29:O29) -> 6240.275 | R29: Servicios Inmobiliarios | S29: =$K$111 -> -0.29 | T29: =$K$112 -> 3.352 | U29: =$K$113 -> -3.018 | V29: =$K$114 -> 4.642 | W29: =$K$115 -> 0.191 | X29: =$K$116 -> 2.788 | Y29: =$K$117 -> 1.157 | Z29: =$K$118 -> -3.481 | AA29: =$K$119 -> -3.625 | AB29: =$K$122 -> -2.259 | AC29: =$K$123 -> -3.14 | AD29: =$K$124 -> -1.774 | AE29: =$K$125 -> -4.308
A30: 45870 | B30: ='A.2.2'!B203+'A.2.2'!C203 -> 333.735 | C30: ='A.2.2'!D203 -> 88.065 | D30: ='A.2.2'!E203 -> 1150.255 | E30: ='A.2.2'!F203 -> 76.369 | F30: ='A.2.2'!G203 -> 378.32 | G30: ='A.2.2'!H203 -> 1254.242 | H30: ='A.2.2'!I203 -> 279.619 | I30: ='A.2.2'!J203 -> 514.448 | J30: ='A.2.2'!K203 -> 148.895 | ... O30: ='A.2.2'!P203 -> 0.063 | P30: =SUM(B30:O30) -> 6229.439 | R30: Educación | S30: =$L$111 -> 0.006 | T30: =$L$112 -> 0.11 | U30: =$L$113 -> 0.49 | V30: =$L$114 -> 1.073 | W30: =$L$115 -> -1.816 | X30: =$L$116 -> 0.89 | Y30: =$L$117 -> 0.412 | Z30: =$L$118 -> 0.556 | AA30: =$L$119 -> -0.094 | AB30: =$L$122 -> 0.185 | AC30: =$L$123 -> -0.423 | AD30: =$L$124 -> 0.511 | AE30: =$L$125 -> 1.321
A31: 45901 | B31: ='A.2.2'!B204+'A.2.2'!C204 -> 333.523 | C31: ='A.2.2'!D204 -> 87.604 | D31: ='A.2.2'!E204 -> 1145.378 | E31: ='A.2.2'!F204 -> 76.44 | F31: ='A.2.2'!G204 -> 377.011 | G31: ='A.2.2'!H204 -> 1250.397 | H31: ='A.2.2'!I204 -> 279.351 | I31: ='A.2.2'!J204 -> 513.319 | J31: ='A.2.2'!K204 -> 148.638 | ... O31: ='A.2.2'!P204 -> 0.071 | P31: =SUM(B31:O31) -> 6216.649 | R31: Salud | S31: =$M$111 -> 0.006 | T31: =$M$112 -> 0.129 | U31: =$M$113 -> -0.256 | V31: =$M$114 -> 0.188 | W31: =$M$115 -> -0.037 | X31: =$M$116 -> 0.226 | Y31: =$M$117 -> 0.072 | Z31: =$M$118 -> 0.105 | AA31: =$M$119 -> -0.096 | AB31: =$M$122 -> -0.078 | AC31: =$M$123 -> -0.142 | AD31: =$M$124 -> 0.095 | AE31: =$M$125 -> -0.064
A32: ='A.2.2'!A205 -> 45931 | B32: ='A.2.2'!B205+'A.2.2'!C205 -> 332.575 | C32: ='A.2.2'!D205 -> 87.224 | D32: ='A.2.2'!E205 -> 1139.647 | E32: ='A.2.2'!F205 -> 76.434 | F32: ='A.2.2'!G205 -> 376.59 | G32: ='A.2.2'!H205 -> 1246.223 | H32: ='A.2.2'!I205 -> 278.852 | I32: ='A.2.2'!J205 -> 512.631 | J32: ='A.2.2'!K205 -> 148.225 | ... O32: ='A.2.2'!P205 -> 0.086 | P32: =SUM(B32:O32) -> 6200.925 | R32: Servicios Personales | S32: =$N$111 -> -1.238 | T32: =$N$112 -> 0.935 | U32: =$N$113 -> -3.742 | V32: =$N$114 -> 1.148 | W32: =$N$115 -> -0.318 | X32: =$N$116 -> -0.451 | Y32: =$N$117 -> -0.606 | Z32: =$N$118 -> -1.453 | AA32: =$N$119 -> -1.249 | AB32: =$N$122 -> -0.327 | AC32: =$N$123 -> 0.307 | AD32: =$N$124 -> -0.709 | AE32: =$N$125 -> 3.173
A33: ='A.2.2'!A206 -> 45962 | B33: ='A.2.2'!B206+'A.2.2'!C206 -> 333.022 | C33: ='A.2.2'!D206 -> 86.856 | D33: ='A.2.2'!E206 -> 1134.074 | E33: ='A.2.2'!F206 -> 76.423 | F33: ='A.2.2'!G206 -> 375.607 | G33: ='A.2.2'!H206 -> 1240.969 | H33: ='A.2.2'!I206 -> 279.058 | I33: ='A.2.2'!J206 -> 511.471 | J33: ='A.2.2'!K206 -> 147.844 | ... O33: ='A.2.2'!P206 -> 0.102 | P33: =SUM(B33:O33) -> 6184.466 | R33: Total | S33: =$P$111 -> 1.279 | T33: =$P$112 -> 8.598 | U33: =$P$113 -> -9.087 | V33: =$P$114 -> 10.656 | W33: =$P$115 -> -11.081 | X33: =$P$116 -> 10.471 | Y33: =$P$117 -> 2.244 | Z33: =$P$118 -> -14.571 | AA33: =$P$119 -> -12.113 | AB33: =$P$122 -> -15.724 | AC33: =$P$123 -> -16.459 | AD33: =$P$124 -> -12.651 | AE33: =$P$125 -> -7.696
A34: ='A.2.2'!A207 -> 45992 | B34: ='A.2.2'!B207+'A.2.2'!C207 -> 332.628 | C34: ='A.2.2'!D207 -> 86.193 | D34: ='A.2.2'!E207 -> 1129.01 | E34: ='A.2.2'!F207 -> 76.417 | F34: ='A.2.2'!G207 -> 377.235 | G34: ='A.2.2'!H207 -> 1237.314 | H34: ='A.2.2'!I207 -> 277.757 | I34: ='A.2.2'!J207 -> 510.796 | J34: ='A.2.2'!K207 -> 147.187 | ... O34: ='A.2.2'!P207 -> 0.115 | P34: =SUM(B34:O34) -> 6171.815
A35: ='A.2.2'!A208 -> 46023 | B35: ='A.2.2'!B208+'A.2.2'!C208 -> 332.37 | C35: ='A.2.2'!D208 -> 85.996 | D35: ='A.2.2'!E208 -> 1124.562 | E35: ='A.2.2'!F208 -> 76.45 | F35: ='A.2.2'!G208 -> 380.722 | G35: ='A.2.2'!H208 -> 1233.307 | H35: ='A.2.2'!I208 -> 276.077 | I35: ='A.2.2'!J208 -> 510.474 | J35: ='A.2.2'!K208 -> 146.743 | ... O35: ='A.2.2'!P208 -> 0.133 | P35: =SUM(B35:O35) -> 6164.119
A36: ='A.2.2'!A209 -> 46054 | B36: ='A.2.2'!B209+'A.2.2'!C209 -> 333.183 | C36: ='A.2.2'!D209 -> 86.16 | D36: ='A.2.2'!E209 -> 1120.265 | E36: ='A.2.2'!F209 -> 76.413 | F36: ='A.2.2'!G209 -> 380.842 | G36: ='A.2.2'!H209 -> 1230.902 | H36: ='A.2.2'!I209 -> 276.23 | I36: ='A.2.2'!J209 -> 509.465 | J36: ='A.2.2'!K209 -> 146.209 | ... O36: ='A.2.2'!P209 -> 0.139 | P36: =SUM(B36:O36) -> 6162.095
A37: ='A.2.2'!A210 -> 46082 | B37: ='A.2.2'!B210+'A.2.2'!C210 -> 334.698 | C37: ='A.2.2'!D210 -> 86.528 | D37: ='A.2.2'!E210 -> 1115.274 | E37: ='A.2.2'!F210 -> 76.336 | F37: ='A.2.2'!G210 -> 380.756 | G37: ='A.2.2'!H210 -> 1227.676 | H37: ='A.2.2'!I210 -> 276.254 | I37: ='A.2.2'!J210 -> 507.724 | J37: ='A.2.2'!K210 -> 145.099 | ... O37: ='A.2.2'!P210 -> 0.166 | P37: =SUM(B37:O37) -> 6152.525
A38: ='A.2.2'!A211 -> 46113 | B38: ='A.2.2'!B211+'A.2.2'!C211 -> 334.776 | C38: ='A.2.2'!D211 -> 86.4 | D38: ='A.2.2'!E211 -> 1111.504 | E38: ='A.2.2'!F211 -> 76.314 | F38: ='A.2.2'!G211 -> 380.184 | G38: ='A.2.2'!H211 -> 1223.806 | H38: ='A.2.2'!I211 -> 277.235 | I38: ='A.2.2'!J211 -> 505.422 | J38: ='A.2.2'!K211 -> 143.79 | ... O38: ='A.2.2'!P211 -> 0.162 | P38: =SUM(B38:O38) -> 6140.58
A39: ='A.2.2'!A212 -> 46143 | B39: ='A.2.2'!B212+'A.2.2'!C212 -> 336.612 | C39: ='A.2.2'!D212 -> 86.692 | D39: ='A.2.2'!E212 -> 1108.347 | E39: ='A.2.2'!F212 -> 76.358 | F39: ='A.2.2'!G212 -> 378.194 | G39: ='A.2.2'!H212 -> 1219.592 | H39: ='A.2.2'!I212 -> 276.838 | I39: ='A.2.2'!J212 -> 503.726 | J39: ='A.2.2'!K212 -> 143.49 | ... O39: ='A.2.2'!P212 -> 0.158 | P39: =SUM(B39:O39) -> 6131.521
A41: Último mes
A42: VAR ABS. | B42: =(HLOOKUP(B$1,$A$1:$P$39,MATCH(MAX($A$1:$A$39),$A$1:$A$1726,0),FALSE)-HLOOKUP(B$1,$A$1:$P$39,MATCH(MAX($A$1:$A$143),$A$1:$A$1726,0)-1,FALSE))*1000 -> 1836 | C42: =(HLOOKUP(C$1,$A$1:$P$39,MATCH(MAX($A$1:$A$39),$A$1:$A$1726,0),FALSE)-HLOOKUP(C$1,$A$1:$P$39,MATCH(MAX($A$1:$A$143),$A$1:$A$1726,0)-1,FALSE))*1000 -> 292 | D42: =(HLOOKUP(D$1,$A$1:$P$39,MATCH(MAX($A$1:$A$39),$A$1:$A$1726,0),FALSE)-HLOOKUP(D$1,$A$1:$P$39,MATCH(MAX($A$1:$A$143),$A$1:$A$1726,0)-1,FALSE))*1000 -> -3157 | E42: =(HLOOKUP(E$1,$A$1:$P$39,MATCH(MAX($A$1:$A$39),$A$1:$A$1726,0),FALSE)-HLOOKUP(E$1,$A$1:$P$39,MATCH(MAX($A$1:$A$143),$A$1:$A$1726,0)-1,FALSE))*1000 -> 44 | F42: =(HLOOKUP(F$1,$A$1:$P$39,MATCH(MAX($A$1:$A$39),$A$1:$A$1726,0),FALSE)-HLOOKUP(F$1,$A$1:$P$39,MATCH(MAX($A$1:$A$143),$A$1:$A$1726,0)-1,FALSE))*1000 -> -1990 | G42: =(HLOOKUP(G$1,$A$1:$P$39,MATCH(MAX($A$1:$A$39),$A$1:$A$1726,0),FALSE)-HLOOKUP(G$1,$A$1:$P$39,MATCH(MAX($A$1:$A$143),$A$1:$A$1726,0)-1,FALSE))*1000 -> -4214 | H42: =(HLOOKUP(H$1,$A$1:$P$39,MATCH(MAX($A$1:$A$39),$A$1:$A$1726,0),FALSE)-HLOOKUP(H$1,$A$1:$P$39,MATCH(MAX($A$1:$A$143),$A$1:$A$1726,0)-1,FALSE))*1000 -> -397 | I42: =(HLOOKUP(I$1,$A$1:$P$39,MATCH(MAX($A$1:$A$39),$A$1:$A$1726,0),FALSE)-HLOOKUP(I$1,$A$1:$P$39,MATCH(MAX($A$1:$A$143),$A$1:$A$1726,0)-1,FALSE))*1000 -> -1696 | ... P42: =(HLOOKUP(P$1,$A$1:$P$39,MATCH(MAX($A$1:$A$39),$A$1:$A$1726,0),FALSE)-HLOOKUP(P$1,$A$1:$P$39,MATCH(MAX($A$1:$A$143),$A$1:$A$1726,0)-1,FALSE))*1000 -> -9059
A43: VAR % | B43: =(HLOOKUP(B$1,$A$1:$P$143,MATCH(MAX($A$1:$A$143),$A$1:$A$1726,0),FALSE)/HLOOKUP(B$1,$A$1:$P$143,MATCH(MAX($A$1:$A$143),$A$1:$A$1726,0)-1,FALSE))-1 -> 0.0054842641 | C43: =(HLOOKUP(C$1,$A$1:$P$143,MATCH(MAX($A$1:$A$143),$A$1:$A$1726,0),FALSE)/HLOOKUP(C$1,$A$1:$P$143,MATCH(MAX($A$1:$A$143),$A$1:$A$1726,0)-1,FALSE))-1 -> 0.0033796296 | D43: =(HLOOKUP(D$1,$A$1:$P$143,MATCH(MAX($A$1:$A$143),$A$1:$A$1726,0),FALSE)/HLOOKUP(D$1,$A$1:$P$143,MATCH(MAX($A$1:$A$143),$A$1:$A$1726,0)-1,FALSE))-1 -> -0.0028402957 | E43: =(HLOOKUP(E$1,$A$1:$P$143,MATCH(MAX($A$1:$A$143),$A$1:$A$1726,0),FALSE)/HLOOKUP(E$1,$A$1:$P$143,MATCH(MAX($A$1:$A$143),$A$1:$A$1726,0)-1,FALSE))-1 -> 0.00057656524 | F43: =(HLOOKUP(F$1,$A$1:$P$143,MATCH(MAX($A$1:$A$143),$A$1:$A$1726,0),FALSE)/HLOOKUP(F$1,$A$1:$P$143,MATCH(MAX($A$1:$A$143),$A$1:$A$1726,0)-1,FALSE))-1 -> -0.0052343076 | G43: =(HLOOKUP(G$1,$A$1:$P$143,MATCH(MAX($A$1:$A$143),$A$1:$A$1726,0),FALSE)/HLOOKUP(G$1,$A$1:$P$143,MATCH(MAX($A$1:$A$143),$A$1:$A$1726,0)-1,FALSE))-1 -> -0.0034433562 | H43: =(HLOOKUP(H$1,$A$1:$P$143,MATCH(MAX($A$1:$A$143),$A$1:$A$1726,0),FALSE)/HLOOKUP(H$1,$A$1:$P$143,MATCH(MAX($A$1:$A$143),$A$1:$A$1726,0)-1,FALSE))-1 -> -0.0014319981 | I43: =(HLOOKUP(I$1,$A$1:$P$143,MATCH(MAX($A$1:$A$143),$A$1:$A$1726,0),FALSE)/HLOOKUP(I$1,$A$1:$P$143,MATCH(MAX($A$1:$A$143),$A$1:$A$1726,0)-1,FALSE))-1 -> -0.0033556117 | ... P43: =(HLOOKUP(P$1,$A$1:$P$143,MATCH(MAX($A$1:$A$143),$A$1:$A$1726,0),FALSE)/HLOOKUP(P$1,$A$1:$P$143,MATCH(MAX($A$1:$A$143),$A$1:$A$1726,0)-1,FALSE))-1 -> -0.0014752678
A44: CONTRIB. | B44: =B42/$P$42 -> -0.20267138 | C44: =C42/$P$42 -> -0.032233138 | D44: =D42/$P$42 -> 0.34849321 | E44: =E42/$P$42 -> -0.0048570482 | F44: =F42/$P$42 -> 0.21967105 | G44: =G42/$P$42 -> 0.46517276 | H44: =H42/$P$42 -> 0.043823822 | I44: =I42/$P$42 -> 0.18721713 | ... P44: =P42/$P$42 -> 1
A46: Interanual
A47: VAR ABS. | B47: =(HLOOKUP(B$1,$A$1:$P$142,MATCH(MAX($A$1:$A$142),$A$1:$A$1726,0),FALSE)-HLOOKUP(B$1,$A$1:$P$142,MATCH(MAX($A$1:$A$143),$A$1:$A$1726,0)-12,FALSE))*1000 -> 2540 | C47: =(HLOOKUP(C$1,$A$1:$P$142,MATCH(MAX($A$1:$A$142),$A$1:$A$1726,0),FALSE)-HLOOKUP(C$1,$A$1:$P$142,MATCH(MAX($A$1:$A$143),$A$1:$A$1726,0)-12,FALSE))*1000 -> -3503 | D47: =(HLOOKUP(D$1,$A$1:$P$142,MATCH(MAX($A$1:$A$142),$A$1:$A$1726,0),FALSE)-HLOOKUP(D$1,$A$1:$P$142,MATCH(MAX($A$1:$A$143),$A$1:$A$1726,0)-12,FALSE))*1000 -> -52341 | E47: =(HLOOKUP(E$1,$A$1:$P$142,MATCH(MAX($A$1:$A$142),$A$1:$A$1726,0),FALSE)-HLOOKUP(E$1,$A$1:$P$142,MATCH(MAX($A$1:$A$143),$A$1:$A$1726,0)-12,FALSE))*1000 -> 81 | F47: =(HLOOKUP(F$1,$A$1:$P$142,MATCH(MAX($A$1:$A$142),$A$1:$A$1726,0),FALSE)-HLOOKUP(F$1,$A$1:$P$142,MATCH(MAX($A$1:$A$143),$A$1:$A$1726,0)-12,FALSE))*1000 -> -1423 | G47: =(HLOOKUP(G$1,$A$1:$P$142,MATCH(MAX($A$1:$A$142),$A$1:$A$1726,0),FALSE)-HLOOKUP(G$1,$A$1:$P$142,MATCH(MAX($A$1:$A$143),$A$1:$A$1726,0)-12,FALSE))*1000 -> -39154 | H47: =(HLOOKUP(H$1,$A$1:$P$142,MATCH(MAX($A$1:$A$142),$A$1:$A$1726,0),FALSE)-HLOOKUP(H$1,$A$1:$P$142,MATCH(MAX($A$1:$A$143),$A$1:$A$1726,0)-12,FALSE))*1000 -> -4179 | I47: =(HLOOKUP(I$1,$A$1:$P$142,MATCH(MAX($A$1:$A$142),$A$1:$A$1726,0),FALSE)-HLOOKUP(I$1,$A$1:$P$142,MATCH(MAX($A$1:$A$143),$A$1:$A$1726,0)-12,FALSE))*1000 -> -13915 | ... P47: =(HLOOKUP(P$1,$A$1:$P$142,MATCH(MAX($A$1:$A$142),$A$1:$A$1726,0),FALSE)-HLOOKUP(P$1,$A$1:$P$142,MATCH(MAX($A$1:$A$143),$A$1:$A$1726,0)-12,FALSE))*1000 -> -135438
A48: VAR % | B48: =(HLOOKUP(B$1,$A$1:$P$142,MATCH(MAX($A$1:$A$142),$A$1:$A$1726,0),FALSE)/HLOOKUP(B$1,$A$1:$P$142,MATCH(MAX($A$1:$A$143),$A$1:$A$1726,0)-12,FALSE))-1 -> 0.0076031514 | C48: =(HLOOKUP(C$1,$A$1:$P$142,MATCH(MAX($A$1:$A$142),$A$1:$A$1726,0),FALSE)/HLOOKUP(C$1,$A$1:$P$142,MATCH(MAX($A$1:$A$143),$A$1:$A$1726,0)-12,FALSE))-1 -> -0.038838073 | D48: =(HLOOKUP(D$1,$A$1:$P$142,MATCH(MAX($A$1:$A$142),$A$1:$A$1726,0),FALSE)/HLOOKUP(D$1,$A$1:$P$142,MATCH(MAX($A$1:$A$143),$A$1:$A$1726,0)-12,FALSE))-1 -> -0.045094806 | E48: =(HLOOKUP(E$1,$A$1:$P$142,MATCH(MAX($A$1:$A$142),$A$1:$A$1726,0),FALSE)/HLOOKUP(E$1,$A$1:$P$142,MATCH(MAX($A$1:$A$143),$A$1:$A$1726,0)-12,FALSE))-1 -> 0.0010619191 | F48: =(HLOOKUP(F$1,$A$1:$P$142,MATCH(MAX($A$1:$A$142),$A$1:$A$1726,0),FALSE)/HLOOKUP(F$1,$A$1:$P$142,MATCH(MAX($A$1:$A$143),$A$1:$A$1726,0)-12,FALSE))-1 -> -0.003748515 | G48: =(HLOOKUP(G$1,$A$1:$P$142,MATCH(MAX($A$1:$A$142),$A$1:$A$1726,0),FALSE)/HLOOKUP(G$1,$A$1:$P$142,MATCH(MAX($A$1:$A$143),$A$1:$A$1726,0)-12,FALSE))-1 -> -0.031105561 | H48: =(HLOOKUP(H$1,$A$1:$P$142,MATCH(MAX($A$1:$A$142),$A$1:$A$1726,0),FALSE)/HLOOKUP(H$1,$A$1:$P$142,MATCH(MAX($A$1:$A$143),$A$1:$A$1726,0)-12,FALSE))-1 -> -0.014870986 | I48: =(HLOOKUP(I$1,$A$1:$P$142,MATCH(MAX($A$1:$A$142),$A$1:$A$1726,0),FALSE)/HLOOKUP(I$1,$A$1:$P$142,MATCH(MAX($A$1:$A$143),$A$1:$A$1726,0)-12,FALSE))-1 -> -0.026881565 | ... P48: =(HLOOKUP(P$1,$A$1:$P$142,MATCH(MAX($A$1:$A$142),$A$1:$A$1726,0),FALSE)/HLOOKUP(P$1,$A$1:$P$142,MATCH(MAX($A$1:$A$143),$A$1:$A$1726,0)-12,FALSE))-1 -> -0.021611439
A49: CONTRIB. | B49: =B47/$P$47 -> -0.018753969 | C49: =C47/$P$47 -> 0.025864233 | D49: =D47/$P$47 -> 0.38645727 | E49: =E47/$P$47 -> -0.00059805963 | F49: =F47/$P$47 -> 0.010506652 | G49: =G47/$P$47 -> 0.28909169 | H49: =H47/$P$47 -> 0.030855447 | I49: =I47/$P$47 -> 0.10274074 | ... P49: =P47/$P$47 -> 1
B51: Agro y Pesca | C51: Minería | D51: Industria | E51: EGA | F51: Construcción | G51: Comercio | H51: Hoteles y restaurantes | I51: Transporte | J51: Intermediación Financiera | K51: Servicios Inmobiliarios | L51: Educación | M51: Salud | N51: Servicios Personales | O51: Sin especificar | P51: Total
A52: =A3 -> 45047 | B52: =B3/B2-1 -> 0.0030697631 | C52: =C3/C2-1 -> 0.0071183731 | D52: =D3/D2-1 -> 0.0021729339 | E52: =E3/E2-1 -> 0.00017132992 | F52: =F3/F2-1 -> 0.0017694222 | G52: =G3/G2-1 -> 0.0035330452 | H52: =H3/H2-1 -> 0.0080901514 | I52: =I3/I2-1 -> 0.0013379483 | ... P52: =P3/P2-1 -> 0.0027038508
A53: =A4 -> 45078 | B53: =B4/B3-1 -> 0.0069196285 | C53: =C4/C3-1 -> 0.0064699934 | D53: =D4/D3-1 -> 0.0022287076 | E53: =E4/E3-1 -> 0.0002371854 | F53: =F4/F3-1 -> -0.00064537769 | G53: =G4/G3-1 -> 0.0052549201 | H53: =H4/H3-1 -> 0.0091932333 | I53: =I4/I3-1 -> 0.0021148002 | ... P53: =P4/P3-1 -> 0.0027599971
A54: =A5 -> 45108 | B54: =B5/B4-1 -> 0.0072046945 | C54: =C5/C4-1 -> 0.0072819205 | D54: =D5/D4-1 -> 0.0032631227 | E54: =E5/E4-1 -> 0.0023844654 | F54: =F5/F4-1 -> -0.0047053775 | G54: =G5/G4-1 -> 0.004998457 | H54: =H5/H4-1 -> 0.0038613662 | I54: =I5/I4-1 -> 0.00070910349 | ... P54: =P5/P4-1 -> 0.0029362383
A55: =A6 -> 45139 | B55: =B6/B5-1 -> -8.1802317e-05 | C55: =C6/C5-1 -> 0.0053200618 | D55: =D6/D5-1 -> 0.00091234015 | E55: =E6/E5-1 -> 0.0024970758 | F55: =F6/F5-1 -> -0.007498031 | G55: =G6/G5-1 -> 0.0034218998 | H55: =H6/H5-1 -> -9.0017415e-05 | I55: =I6/I5-1 -> 0.00058798808 | ... P55: =P6/P5-1 -> 0.00051882857
A56: =A7 -> 45170 | B56: =B7/B6-1 -> -0.012777355 | C56: =C7/C6-1 -> 0.0020591499 | D56: =D7/D6-1 -> -0.001486627 | E56: =E7/E6-1 -> 0.0027006122 | F56: =F7/F6-1 -> -0.01391583 | G56: =G7/G6-1 -> 0.0009620268 | H56: =H7/H6-1 -> -0.0017000973 | I56: =I7/I6-1 -> 0.00081554239 | ... P56: =P7/P6-1 -> -0.0023215799
A57: =A8 -> 45200 | B57: =B8/B7-1 -> -0.0076790866 | C57: =C8/C7-1 -> 0.0034710022 | D57: =D8/D7-1 -> -0.00017973087 | E57: =E8/E7-1 -> 0.0039354122 | F57: =F8/F7-1 -> -0.019991756 | G57: =G8/G7-1 -> 0.0016920928 | H57: =H8/H7-1 -> -0.00083241998 | I57: =I8/I7-1 -> -0.0031992894 | ... P57: =P8/P7-1 -> -0.0019439225
A58: =A9 -> 45231 | B58: =B9/B8-1 -> -0.0032166474 | C58: =C9/C8-1 -> 0.0041592836 | D58: =D9/D8-1 -> -0.0017641875 | E58: =E9/E8-1 -> 0.0025395254 | F58: =F9/F8-1 -> -0.018761739 | G58: =G9/G8-1 -> 0.0010568877 | H58: =H9/H8-1 -> -0.0011316458 | I58: =I9/I8-1 -> -0.00052485708 | ... P58: =P9/P8-1 -> -0.0012747556
A59: =A10 -> 45261 | B59: =B10/B9-1 -> 0.016777441 | C59: =C10/C9-1 -> 0.0037616627 | D59: =D10/D9-1 -> -0.0015076539 | E59: =E10/E9-1 -> 0.001130149 | F59: =F10/F9-1 -> -0.031069916 | G59: =G10/G9-1 -> 0.0010257691 | H59: =H10/H9-1 -> -0.0017758471 | I59: =I10/I9-1 -> -0.00090670394 | ... P59: =P10/P9-1 -> -0.0017855862
A60: =A11 -> 45292 | B60: =B11/B10-1 -> 0.013177289 | C60: =C11/C10-1 -> 0.0036107164 | D60: =D11/D10-1 -> -0.0029032604 | E60: =E11/E10-1 -> 0.0014013598 | F60: =F11/F10-1 -> -0.047280107 | G60: =G11/G10-1 -> -0.0027104398 | H60: =H11/H10-1 -> -0.011182326 | I60: =I11/I10-1 -> -0.0031423115 | ... P60: =P11/P10-1 -> -0.0054494996
A61: =A12 -> 45323 | B61: =B12/B11-1 -> 0.0045782719 | C61: =C12/C11-1 -> 0.0031152321 | D61: =D12/D11-1 -> -0.0026854062 | E61: =E12/E11-1 -> -0.00041463667 | F61: =F12/F11-1 -> -0.031156567 | G61: =G12/G11-1 -> -0.0012898614 | H61: =H12/H11-1 -> -0.0016653346 | I61: =I12/I11-1 -> -0.0041574363 | ... P61: =P12/P11-1 -> -0.0040960053
A62: =A13 -> 45352 | B62: =B13/B12-1 -> -0.0028723656 | C62: =C13/C12-1 -> 0.0020912846 | D62: =D13/D12-1 -> -0.003085735 | E62: =E13/E12-1 -> -0.0010629472 | F62: =F13/F12-1 -> -0.02592308 | G62: =G13/G12-1 -> -0.0014899736 | H62: =H13/H12-1 -> -0.00023628656 | I62: =I13/I12-1 -> -0.0035615249 | ... P62: =P13/P12-1 -> -0.0039492199
A63: =A14 -> 45383 | B63: =B14/B13-1 -> 0.0023454062 | C63: =C14/C13-1 -> -0.0021077894 | D63: =D14/D13-1 -> -0.0040429955 | E63: =E14/E13-1 -> -0.003334977 | F63: =F14/F13-1 -> -0.020130891 | G63: =G14/G13-1 -> -0.00053269475 | H63: =H14/H13-1 -> -0.00055028978 | I63: =I14/I13-1 -> -0.0012595903 | ... P63: =P14/P13-1 -> -0.0027181954
... A88: =A39 -> 46143 | B88: =B39/B38-1 -> 0.0054842641 | C88: =C39/C38-1 -> 0.0033796296 | D88: =D39/D38-1 -> -0.0028402957 | E88: =E39/E38-1 -> 0.00057656524 | F88: =F39/F38-1 -> -0.0052343076 | G88: =G39/G38-1 -> -0.0034433562 | H88: =H39/H38-1 -> -0.0014319981 | I88: =I39/I38-1 -> -0.0033556117 | ... P88: =P39/P38-1 -> -0.0014752678
A90: =_xlfn.CONCAT("Composición: ",MONTH(A39),"/",YEAR(A39)) -> Composición: 5/2026 | B90: =B39/$P$39 -> 0.054898613 | C90: =C39/$P$39 -> 0.014138743 | D90: =D39/$P$39 -> 0.18076216 | E90: =E39/$P$39 -> 0.012453354 | F90: =F39/$P$39 -> 0.061680291 | G90: =G39/$P$39 -> 0.1989053 | H90: =H39/$P$39 -> 0.045149972 | I90: =I39/$P$39 -> 0.082153515 | ... P90: =P39/$P$39 -> 1
A92: Variación aboluta en miles
A93: =A3 -> 45047 | B93: =B3-B2 -> 0.996 | C93: =C3-C2 -> 0.65 | D93: =D3-D2 -> 2.581 | E93: =E3-E2 -> 0.013 | F93: =F3-F2 -> 0.832 | G93: =G3-G2 -> 4.267 | H93: =H3-H2 -> 2.288 | I93: =I3-I2 -> 0.707 | ... P93: =P3-P2 -> 17.173
A94: =A4 -> 45078 | B94: =B4-B3 -> 2.252 | C94: =C4-C3 -> 0.595 | D94: =D4-D3 -> 2.653 | E94: =E4-E3 -> 0.018 | F94: =F4-F3 -> -0.304 | G94: =G4-G3 -> 6.369 | H94: =H4-H3 -> 2.621 | I94: =I4-I3 -> 1.119 | ... P94: =P4-P3 -> 17.577
A95: =A5 -> 45108 | B95: =B5-B4 -> 2.361 | C95: =C5-C4 -> 0.674 | D95: =D5-D4 -> 3.893 | E95: =E5-E4 -> 0.181 | F95: =F5-F4 -> -2.215 | G95: =G5-G4 -> 6.09 | H95: =H5-H4 -> 1.111 | I95: =I5-I4 -> 0.376 | ... P95: =P5-P4 -> 18.751
A96: =A6 -> 45139 | B96: =B6-B5 -> -0.027 | C96: =C6-C5 -> 0.496 | D96: =D6-D5 -> 1.092 | E96: =E6-E5 -> 0.19 | F96: =F6-F5 -> -3.513 | G96: =G6-G5 -> 4.19 | H96: =H6-H5 -> -0.026 | I96: =I6-I5 -> 0.312 | ... P96: =P6-P5 -> 3.323
A97: =A7 -> 45170 | B97: =B7-B6 -> -4.217 | C97: =C7-C6 -> 0.193 | D97: =D7-D6 -> -1.781 | E97: =E7-E6 -> 0.206 | F97: =F7-F6 -> -6.471 | G97: =G7-G6 -> 1.182 | H97: =H7-H6 -> -0.491 | I97: =I7-I6 -> 0.433 | ... P97: =P7-P6 -> -14.877
A98: =A8 -> 45200 | B98: =B8-B7 -> -2.502 | C98: =C8-C7 -> 0.326 | D98: =D8-D7 -> -0.215 | E98: =E8-E7 -> 0.301 | F98: =F8-F7 -> -9.167 | G98: =G8-G7 -> 2.081 | H98: =H8-H7 -> -0.24 | I98: =I8-I7 -> -1.7 | ... P98: =P8-P7 -> -12.428
A99: =A9 -> 45231 | B99: =B9-B8 -> -1.04 | C99: =C9-C8 -> 0.392 | D99: =D9-D8 -> -2.11 | E99: =E9-E8 -> 0.195 | F99: =F9-F8 -> -8.431 | G99: =G9-G8 -> 1.302 | H99: =H9-H8 -> -0.326 | I99: =I9-I8 -> -0.278 | ... P99: =P9-P8 -> -8.134
A100: =A10 -> 45261 | B100: =B10-B9 -> 5.407 | C100: =C10-C9 -> 0.356 | D100: =D10-D9 -> -1.8 | E100: =E10-E9 -> 0.087 | F100: =F10-F9 -> -13.7 | G100: =G10-G9 -> 1.265 | H100: =H10-H9 -> -0.511 | I100: =I10-I9 -> -0.48 | ... P100: =P10-P9 -> -11.379
A101: =A11 -> 45292 | B101: =B11-B10 -> 4.318 | C101: =C11-C10 -> 0.343 | D101: =D11-D10 -> -3.461 | E101: =E11-E10 -> 0.108 | F101: =F11-F10 -> -20.2 | G101: =G11-G10 -> -3.346 | H101: =H11-H10 -> -3.212 | I101: =I11-I10 -> -1.662 | ... P101: =P11-P10 -> -34.666
A102: =A12 -> 45323 | B102: =B12-B11 -> 1.52 | C102: =C12-C11 -> 0.297 | D102: =D12-D11 -> -3.192 | E102: =E12-E11 -> -0.032 | F102: =F12-F11 -> -12.682 | G102: =G12-G11 -> -1.588 | H102: =H12-H11 -> -0.473 | I102: =I12-I11 -> -2.192 | ... P102: =P12-P11 -> -25.914
A103: =A13 -> 45352 | B103: =B13-B12 -> -0.958 | C103: =C13-C12 -> 0.2 | D103: =D13-D12 -> -3.658 | E103: =E13-E12 -> -0.082 | F103: =F13-F12 -> -10.223 | G103: =G13-G12 -> -1.832 | H103: =H13-H12 -> -0.067 | I103: =I13-I12 -> -1.87 | ... P103: =P13-P12 -> -24.883
A104: =A14 -> 45383 | B104: =B14-B13 -> 0.78 | C104: =C14-C13 -> -0.202 | D104: =D14-D13 -> -4.778 | E104: =E14-E13 -> -0.257 | F104: =F14-F13 -> -7.733 | G104: =G14-G13 -> -0.654 | H104: =H14-H13 -> -0.156 | I104: =I14-I13 -> -0.659 | ... P104: =P14-P13 -> -17.059
... A129: =A39 -> 46143 | B129: =B39-B38 -> 1.836 | C129: =C39-C38 -> 0.292 | D129: =D39-D38 -> -3.157 | E129: =E39-E38 -> 0.044 | F129: =F39-F38 -> -1.99 | G129: =G39-G38 -> -4.214 | H129: =H39-H38 -> -0.397 | I129: =I39-I38 -> -1.696 | ... P129: =P39-P38 -> -9.059

Sheet A.5.2
A1: Personas con empleo asalariado en el según privado, según provincia. Sin estacionalidad
A3: Período | B3: BUENOS AIRES | C3: Cdad. Autónoma de Buenos Aires | D3: CATAMARCA | E3: CHACO | F3: CHUBUT | G3: CÓRDOBA | H3: CORRIENTES | I3: ENTRE RÍOS | J3: FORMOSA | K3: JUJUY | L3: LA PAMPA | M3: LA RIOJA | N3: MENDOZA | O3: MISIONES | P3: NEUQUÉN | Q3: RÍO NEGRO | R3: SALTA | S3: SAN JUAN | T3: SAN LUIS | U3: SANTA CRUZ | V3: SANTA FE | W3: SANTIAGO DEL ESTERO | X3: TIERRA DEL FUEGO | Y3: TUCUMÁN | Z3: TOTAL PAIS
A4: 39814 | B4: 1750.671 | C4: 1470.676 | D4: 30.536 | E4: 61.075 | F4: 92.661 | G4: 452.367 | H4: 63.922 | I4: 121.003 | J4: 20.974 | K4: 48.019 | L4: 35.678 | M4: 27.356 | N4: 223.033 | O4: 85.275 | P4: 90.962 | Q4: 98.54 | R4: 98.431 | S4: 73.227 | T4: 51.703 | U4: 53.919 | V4: 457.912 | W4: 43.076 | X4: 27.441 | Y4: 144.009 | Z4: =SUM(B4:Y4) -> 5622.466
A5: 39845 | B5: 1743.212 | C5: 1467.892 | D5: 30.483 | E5: 61.335 | F5: 92.295 | G5: 453.014 | H5: 64.177 | I5: 121.278 | J5: 21.07 | K5: 48.488 | L5: 35.649 | M5: 25.881 | N5: 223.273 | O5: 85.312 | P5: 90.315 | Q5: 97.664 | R5: 98.649 | S5: 73.104 | T5: 51.145 | U5: 53.772 | V5: 455.578 | W5: 43.07 | X5: 26.87 | Y5: 145.614 | Z5: =SUM(B5:Y5) -> 5609.14
A6: 39873 | B6: 1738.911 | C6: 1461.529 | D6: 30.924 | E6: 61.735 | F6: 92.156 | G6: 451.862 | H6: 64.678 | I6: 121.296 | J6: 21.081 | K6: 48.737 | L6: 35.471 | M6: 25.271 | N6: 221.245 | O6: 84.82 | P6: 88.779 | Q6: 96.526 | R6: 99.216 | S6: 73.435 | T6: 50.983 | U6: 53.303 | V6: 453.754 | W6: 42.882 | X6: 26.441 | Y6: 147.195 | Z6: =SUM(B6:Y6) -> 5592.23
A7: 39904 | B7: 1736.93 | C7: 1457.72 | D7: 30.251 | E7: 61.841 | F7: 91.679 | G7: 450.433 | H7: 64.165 | I7: 121.564 | J7: 21.154 | K7: 49.086 | L7: 35.481 | M7: 25.042 | N7: 216.935 | O7: 85.214 | P7: 87.285 | Q7: 92.301 | R7: 100.405 | S7: 73.257 | T7: 51.051 | U7: 53.168 | V7: 451.929 | W7: 42.396 | X7: 25.987 | Y7: 149.612 | Z7: =SUM(B7:Y7) -> 5574.886
A8: 39934 | B8: 1736.983 | C8: 1455.649 | D8: 29.837 | E8: 61.772 | F8: 91.304 | G8: 448.803 | H8: 64.305 | I8: 122.232 | J8: 21.313 | K8: 50.059 | L8: 35.129 | M8: 25.548 | N8: 215.772 | O8: 85.789 | P8: 87.124 | Q8: 93.64 | R8: 100.898 | S8: 73.096 | T8: 51.062 | U8: 52.947 | V8: 449.857 | W8: 42.073 | X8: 25.567 | Y8: 148.375 | Z8: =SUM(B8:Y8) -> 5569.134
A9: 39965 | B9: 1738.716 | C9: 1455.053 | D9: 29.121 | E9: 61.565 | F9: 90.454 | G9: 449.088 | H9: 65.103 | I9: 122.53 | J9: 21.631 | K9: 51.488 | L9: 35.216 | M9: 25.888 | N9: 219.396 | O9: 86.013 | P9: 86.932 | Q9: 93.819 | R9: 101.436 | S9: 72.026 | T9: 50.697 | U9: 52.364 | V9: 448.576 | W9: 42.699 | X9: 25.519 | Y9: 150.788 | Z9: =SUM(B9:Y9) -> 5576.118
A10: 39995 | B10: 1742.03 | C10: 1453.584 | D10: 29.361 | E10: 61.7 | F10: 90.14 | G10: 449.783 | H10: 64.896 | I10: 123.109 | J10: 22.324 | K10: 52.16 | L10: 35.406 | M10: 26.853 | N10: 219.217 | O10: 86.698 | P10: 86.603 | Q10: 93.149 | R10: 102.001 | S10: 72.578 | T10: 51.277 | U10: 52.267 | V10: 449.108 | W10: 42.995 | X10: 25.207 | Y10: 152.298 | Z10: =SUM(B10:Y10) -> 5584.744
A11: 40026 | B11: 1740.001 | C11: 1453.361 | D11: 29.316 | E11: 61.601 | F11: 89.788 | G11: 451.054 | H11: 64.907 | I11: 123.075 | J11: 21.732 | K11: 51.675 | L11: 35.718 | M11: 27.446 | N11: 218.891 | O11: 86.755 | P11: 86.165 | Q11: 92.368 | R11: 101.79 | S11: 71.724 | T11: 51.546 | U11: 52.094 | V11: 447.958 | W11: 42.306 | X11: 25.183 | Y11: 149.993 | Z11: =SUM(B11:Y11) -> 5576.447
A12: 40057 | B12: 1742.104 | C12: 1453.708 | D12: 29.492 | E12: 61.356 | F12: 89.825 | G12: 452.21 | H12: 65.094 | I12: 122.973 | J12: 21.794 | K12: 52.381 | L12: 35.977 | M12: 27.446 | N12: 219.16 | O12: 86.66 | P12: 85.962 | Q12: 92.762 | R12: 102.169 | S12: 71.249 | T12: 52.195 | U12: 52.303 | V12: 452.276 | W12: 42.671 | X12: 25.717 | Y12: 150.206 | Z12: =SUM(B12:Y12) -> 5587.69
A13: 40087 | B13: 1749.192 | C13: 1454.526 | D13: 29.464 | E13: 61.241 | F13: 89.579 | G13: 453.194 | H13: 65.232 | I13: 125.499 | J13: 21.66 | K13: 51.594 | L13: 35.898 | M13: 27.16 | N13: 219.363 | O13: 86.572 | P13: 85.04 | Q13: 91.67 | R13: 102.662 | S13: 71.2 | T13: 52.027 | U13: 51.662 | V13: 453.407 | W13: 42.662 | X13: 26.048 | Y13: 151.096 | Z13: =SUM(B13:Y13) -> 5597.648
A14: 40118 | B14: 1748.681 | C14: 1455.137 | D14: 29.948 | E14: 59.118 | F14: 89.159 | G14: 451.462 | H14: 66.307 | I14: 127.529 | J14: 21.7 | K14: 51.474 | L14: 35.774 | M14: 27.375 | N14: 219.46 | O14: 85.737 | P14: 85.722 | Q14: 93.358 | R14: 102.349 | S14: 71.182 | T14: 52.65 | U14: 51.689 | V14: 453.09 | W14: 42.774 | X14: 26.463 | Y14: 152.5 | Z14: =SUM(B14:Y14) -> 5600.638
A15: 40148 | B15: 1754.117 | C15: 1457.767 | D15: 29.599 | E15: 59.366 | F15: 88.894 | G15: 455.312 | H15: 65.113 | I15: 123.232 | J15: 21.925 | K15: 50.963 | L15: 35.339 | M15: 27.376 | N15: 220.073 | O15: 86.333 | P15: 85.789 | Q15: 94.003 | R15: 102.003 | S15: 71.896 | T15: 52.846 | U15: 52.146 | V15: 454.171 | W15: 42.833 | X15: 26.936 | Y15: 147.922 | Z15: =SUM(B15:Y15) -> 5605.954
... A180: 45170 | B180: 2022.326 | C180: 1528.011 | D180: 39.085 | E180: 79.749 | F180: 98.179 | G180: 531.665 | H180: 80.682 | I180: 140.415 | J180: 25.809 | K180: 60.956 | L180: 40.98 | M180: 33.315 | N180: 245.966 | O180: 110.244 | P180: 142.841 | Q180: 111.217 | R180: 126.674 | S180: 82.653 | T180: 56.023 | U180: 60.946 | V180: 523.237 | W180: 55.204 | X180: 38.645 | Y180: 159.002 | Z180: =SUM(B180:Y180) -> 6393.824
A181: 45200 | B181: 2020.678 | C181: 1528.146 | D181: 39.03 | E181: 78.19 | F181: 98.462 | G181: 531.462 | H181: 80.225 | I181: 138.632 | J181: 25.128 | K181: 60.773 | L181: 41.031 | M181: 33.034 | N181: 244.772 | O181: 109.164 | P181: 143.368 | Q181: 110.496 | R181: 126.931 | S181: 81.812 | T181: 55.368 | U181: 60.845 | V181: 522.362 | W181: 54.464 | X181: 38.287 | Y181: 159.815 | Z181: =SUM(B181:Y181) -> 6382.475 | AA181: ='A.2.2'!Q181 -> 6380.831 | AB181: =Z181-AA181 -> 1.644
A182: 45231 | B182: 2019.725 | C182: 1529.952 | D182: 39.205 | E182: 77.653 | F182: 95.744 | G182: 530.939 | H182: 80.138 | I182: 139.181 | J182: 24.736 | K182: 59.984 | L182: 40.912 | M182: 32.802 | N182: 243.08 | O182: 108.867 | P182: 143.533 | Q182: 110.795 | R182: 127.641 | S182: 81.293 | T182: 55.215 | U182: 60.844 | V182: 521.397 | W182: 54.105 | X182: 37.947 | Y182: 160.884 | Z182: =SUM(B182:Y182) -> 6376.572 | AA182: ='A.2.2'!Q182 -> 6372.697 | AB182: =Z182-AA182 -> 3.875
A183: 45261 | B183: 2015.588 | C183: 1527.509 | D183: 38.902 | E183: 76.805 | F183: 98.277 | G183: 530.855 | H183: 79.666 | I183: 139.435 | J183: 24.163 | K183: 59.316 | L183: 40.704 | M183: 32.461 | N183: 243.902 | O183: 107.947 | P183: 143.563 | Q183: 111.533 | R183: 128.095 | S183: 80.651 | T183: 54.521 | U183: 60.689 | V183: 521.382 | W183: 53.66 | X183: 36.485 | Y183: 159.473 | Z183: =SUM(B183:Y183) -> 6365.582 | AA183: ='A.2.2'!Q183 -> 6361.318 | AB183: =Z183-AA183 -> 4.264
A184: 45292 | B184: 2002.084 | C184: 1525.508 | D184: 37.816 | E184: 75.701 | F184: 98.202 | G184: 528.374 | H184: 78.871 | I184: 138.499 | J184: 23.379 | K184: 58.787 | L184: 40.523 | M184: 32.716 | N184: 244.13 | O184: 106.906 | P184: 142.633 | Q184: 110.219 | R184: 128.238 | S184: 79.414 | T184: 53.943 | U184: 60.233 | V184: 518.571 | W184: 52.317 | X184: 35.452 | Y184: 160.207 | Z184: =SUM(B184:Y184) -> 6332.723 | AA184: ='A.2.2'!Q184 -> 6326.652 | AB184: =Z184-AA184 -> 6.071
A185: 45323 | B185: 1988.524 | C185: 1520.885 | D185: 37.434 | E185: 75.018 | F185: 97.353 | G185: 526.549 | H185: 78.412 | I185: 137.905 | J185: 23.097 | K185: 58.495 | L185: 40.159 | M185: 30.878 | N185: 245.119 | O185: 102.708 | P185: 142.058 | Q185: 109.987 | R185: 128.692 | S185: 78.913 | T185: 53.467 | U185: 60.481 | V185: 516.228 | W185: 51.644 | X185: 35.439 | Y185: 160.215 | Z185: =SUM(B185:Y185) -> 6299.66 | AA185: ='A.2.2'!Q185 -> 6300.738 | AB185: =Z185-AA185 -> -1.078
A186: 45352 | B186: 1982.191 | C186: 1517.965 | D186: 37.142 | E186: 74.034 | F186: 96.584 | G186: 523.699 | H186: 78.465 | I186: 137.31 | J186: 22.708 | K186: 58.602 | L186: 39.838 | M186: 29.343 | N186: 243.886 | O186: 105.77 | P186: 142.848 | Q186: 110.18 | R186: 128.904 | S186: 78.585 | T186: 52.999 | U186: 59.756 | V186: 513.665 | W186: 50.622 | X186: 35.15 | Y186: 159.764 | Z186: =SUM(B186:Y186) -> 6280.01 | AA186: ='A.2.2'!Q186 -> 6275.855 | AB186: =Z186-AA186 -> 4.155
A187: 45383 | B187: 1973.368 | C187: 1515.219 | D187: 37.272 | E187: 73.613 | F187: 97.231 | G187: 522.711 | H187: 78.639 | I187: 136.817 | J187: 22.471 | K187: 58.726 | L187: 39.5 | M187: 29.671 | N187: 243.36 | O187: 105.39 | P187: 143.561 | Q187: 110.582 | R187: 129.109 | S187: 77.945 | T187: 52.531 | U187: 57.5 | V187: 511.576 | W187: 50.776 | X187: 34.807 | Y187: 159.566 | Z187: =SUM(B187:Y187) -> 6261.941 | AA187: ='A.2.2'!Q187 -> 6258.796 | AB187: =Z187-AA187 -> 3.145
A188: 45413 | B188: 1968.554 | C188: 1514.629 | D188: 36.835 | E188: 74.414 | F188: 97.566 | G188: 522.139 | H188: 77.948 | I188: 136.121 | J188: 22.18 | K188: 58.933 | L188: 39.293 | M188: 29.565 | N188: 244.165 | O188: 104.434 | P188: 143.882 | Q188: 110.059 | R188: 128.887 | S188: 77.533 | T188: 52.949 | U188: 56.946 | V188: 510.114 | W188: 50.508 | X188: 34.435 | Y188: 160.405 | Z188: =SUM(B188:Y188) -> 6252.494 | AA188: ='A.2.2'!Q188 -> 6248.969 | AB188: =Z188-AA188 -> 3.525
A189: 45444 | B189: 1964.319 | C189: 1512.659 | D189: 36.608 | E189: 74.279 | F189: 97.318 | G189: 520.864 | H189: 77.828 | I189: 135.682 | J189: 21.84 | K189: 58.667 | L189: 39.149 | M189: 29.207 | N189: 244.158 | O189: 103.815 | P189: 145.021 | Q189: 110.892 | R189: 128.457 | S189: 77.097 | T189: 52.79 | U189: 56.937 | V189: 509.557 | W189: 50.18 | X189: 34.453 | Y189: 160.323 | Z189: =SUM(B189:Y189) -> 6242.1 | AA189: ='A.2.2'!Q189 -> 6239.26 | AB189: =Z189-AA189 -> 2.84
A190: 45474 | B190: 1961.039 | C190: 1512.282 | D190: 36.157 | E190: 73.127 | F190: 97.571 | G190: 520.991 | H190: 78.035 | I190: 135.491 | J190: 21.768 | K190: 58.989 | L190: 38.945 | M190: 29.035 | N190: 243.559 | O190: 103.113 | P190: 146.145 | Q190: 110.996 | R190: 127.92 | S190: 77.075 | T190: 52.166 | U190: 56.876 | V190: 508.853 | W190: 49.841 | X190: 34.624 | Y190: 160.191 | Z190: =SUM(B190:Y190) -> 6234.789 | AA190: ='A.2.2'!Q190 -> 6233.118 | AB190: =Z190-AA190 -> 1.671
A191: 45505 | B191: 1961.593 | C191: 1513.415 | D191: 36.421 | E191: 73.036 | F191: 97.028 | G191: 520.245 | H191: 78.522 | I191: 135.682 | J191: 21.82 | K191: 58.676 | L191: 38.922 | M191: 29.4 | N191: 243.872 | O191: 102.947 | P191: 146.854 | Q191: 111.612 | R191: 127.796 | S191: 77.22 | T191: 51.923 | U191: 56.718 | V191: 509.306 | W191: 49.806 | X191: 34.766 | Y191: 160.094 | Z191: =SUM(B191:Y191) -> 6237.674 | AA191: ='A.2.2'!Q191 -> 6237.229 | AB191: =Z191-AA191 -> 0.445
A192: 45536 | B192: 1966.196 | C192: 1514.646 | D192: 36.346 | E192: 73.3 | F192: 95.822 | G192: 520.481 | H192: 78.945 | I192: 136.172 | J192: 21.952 | K192: 58.832 | L192: 38.998 | M192: 29.869 | N192: 245.161 | O192: 103.693 | P192: 147.151 | Q192: 111.267 | R192: 127.644 | S192: 77.79 | T192: 51.89 | U192: 56.991 | V192: 509.491 | W192: 49.791 | X192: 35.219 | Y192: 160.211 | Z192: =SUM(B192:Y192) -> 6247.858 | AA192: ='A.2.2'!Q192 -> 6246.337 | AB192: =Z192-AA192 -> 1.521
... A198: 45717 | B198: 1978.028 | C198: 1512.567 | D198: 36.527 | E198: 73.776 | F198: 96.343 | G198: 521.672 | H198: 80.498 | I198: 136.879 | J198: 22.938 | K198: 59.414 | L198: 38.793 | M198: 28.602 | N198: 246.311 | O198: 101.964 | P198: 148.116 | Q198: 110.675 | R198: 122.688 | S198: 79.488 | T198: 52.828 | U198: 53.822 | V198: 510.66 | W198: 50.371 | X198: 35.51 | Y198: 160.904 | Z198: =SUM(B198:Y198) -> 6259.374 | AA198: ='A.2.2'!Q198 -> 6254.244 | AB198: =Z198-AA198 -> 5.13
A199: 45748 | B199: 1979.43 | C199: 1514.29 | D199: 36.315 | E199: 73.493 | F199: 95.783 | G199: 521.85 | H199: 80.631 | I199: 136.917 | J199: 22.944 | K199: 59.34 | L199: 38.958 | M199: 29.605 | N199: 247.254 | O199: 102.646 | P199: 148.146 | Q199: 110.682 | R199: 123.361 | S199: 80.044 | T199: 52.737 | U199: 53.143 | V199: 511.879 | W199: 50.314 | X199: 35.986 | Y199: 161.736 | Z199: =SUM(B199:Y199) -> 6267.484
A200: 45778 | B200: 1981.426 | C200: 1515.164 | D200: 35.982 | E200: 72.984 | F200: 94.624 | G200: 523.422 | H200: 80.23 | I200: 136.956 | J200: 22.951 | K200: 59.425 | L200: 38.988 | M200: 29.698 | N200: 246.74 | O200: 102.886 | P200: 148.518 | Q200: 110.693 | R200: 123.106 | S200: 79.485 | T200: 52.566 | U200: 52.807 | V200: 512.371 | W200: 50.473 | X200: 35.984 | Y200: 161.551 | Z200: =SUM(B200:Y200) -> 6269.03
A201: 45809 | B201: 1981.26 | C201: 1510.106 | D201: 36.004 | E201: 72.528 | F201: 91.255 | G201: 522.346 | H201: 79.889 | I201: 136.834 | J201: 22.998 | K201: 59.178 | L201: 38.948 | M201: 29.184 | N201: 245.896 | O201: 102.498 | P201: 148.476 | Q201: 110.954 | R201: 122.223 | S201: 79.835 | T201: 52.473 | U201: 52.603 | V201: 512.843 | W201: 50.326 | X201: 35.777 | Y201: 160.748 | Z201: =SUM(B201:Y201) -> 6255.182
A202: 45839 | B202: 1976.474 | C202: 1506.425 | D202: 35.984 | E202: 72.562 | F202: 89.898 | G202: 521.342 | H202: 79.452 | I202: 136.496 | J202: 22.859 | K202: 58.683 | L202: 38.921 | M202: 29.12 | N202: 246.365 | O202: 101.934 | P202: 148.542 | Q202: 110.821 | R202: 121.989 | S202: 79.761 | T202: 52.37 | U202: 51.962 | V202: 512.311 | W202: 50.844 | X202: 35.509 | Y202: 161.095 | Z202: =SUM(B202:Y202) -> 6241.719
A203: 45870 | B203: 1971.742 | C203: 1502.494 | D203: 35.881 | E203: 72.082 | F203: 91.417 | G203: 522.283 | H203: 79.09 | I203: 136.263 | J203: 22.716 | K203: 58.837 | L203: 38.989 | M203: 28.977 | N203: 245.736 | O203: 101.482 | P203: 148.11 | Q203: 110.832 | R203: 121.524 | S203: 79.995 | T203: 52.144 | U203: 51.772 | V203: 511.181 | W203: 50.986 | X203: 35.327 | Y203: 160.305 | Z203: =SUM(B203:Y203) -> 6230.165
A204: 45901 | B204: 1966.108 | C204: 1501.296 | D204: 35.923 | E204: 71.704 | F204: 92.307 | G204: 520.291 | H204: 78.373 | I204: 135.761 | J204: 22.533 | K204: 58.635 | L204: 38.872 | M204: 28.743 | N204: 243.709 | O204: 100.258 | P204: 148.289 | Q204: 111.031 | R204: 121.371 | S204: 80.18 | T204: 52.1 | U204: 51.516 | V204: 510.865 | W204: 51.131 | X204: 34.839 | Y204: 160.492 | Z204: =SUM(B204:Y204) -> 6216.327
A205: 45931 | B205: 1959.648 | C205: 1501.479 | D205: 35.433 | E205: 71.479 | F205: 91.4 | G205: 519.856 | H205: 77.987 | I205: 135.663 | J205: 22.299 | K205: 58.526 | L205: 38.761 | M205: 28.565 | N205: 243.462 | O205: 99.339 | P205: 148.523 | Q205: 111.737 | R205: 121.177 | S205: 81.119 | T205: 51.853 | U205: 51.329 | V205: 509.742 | W205: 51.22 | X205: 34.283 | Y205: 158.81 | Z205: =SUM(B205:Y205) -> 6203.69
A206: 45962 | B206: 1953.336 | C206: 1497.275 | D206: 35.014 | E206: 71.101 | F206: 91.165 | G206: 518.417 | H206: 77.393 | I206: 135.986 | J206: 21.994 | K206: 58.656 | L206: 38.521 | M206: 28.405 | N206: 242.318 | O206: 99.236 | P206: 148.667 | Q206: 111.78 | R206: 120.666 | S206: 80.529 | T206: 51.491 | U206: 50.969 | V206: 509.539 | W206: 51.072 | X206: 33.84 | Y206: 158.645 | Z206: =SUM(B206:Y206) -> 6186.015
A207: 45992 | B207: 1947.098 | C207: 1496.317 | D207: 34.841 | E207: 70.595 | F207: 90.546 | G207: 516.142 | H207: 77.853 | I207: 135.768 | J207: 22.084 | K207: 58.335 | L207: 38.502 | M207: 28.442 | N207: 241.622 | O207: 98.708 | P207: 149.159 | Q207: 112.444 | R207: 120.129 | S207: 80.731 | T207: 51.001 | U207: 50.935 | V207: 508.891 | W207: 50.838 | X207: 33.965 | Y207: 158.949 | Z207: =SUM(B207:Y207) -> 6173.895
A208: 46023 | B208: 1947.736 | C208: 1491.787 | D208: 34.82 | E208: 70.502 | F208: 90.164 | G208: 515.347 | H208: 77.013 | I208: 136.028 | J208: 21.926 | K208: 58.032 | L208: 38.349 | M208: 28.869 | N208: 240.425 | O208: 98.493 | P208: 150.749 | Q208: 113.491 | R208: 120.161 | S208: 80.881 | T208: 50.867 | U208: 51.484 | V208: 508.783 | W208: 50.659 | X208: 32.907 | Y208: 157.884 | Z208: =SUM(B208:Y208) -> 6167.357
A209: 46054 | B209: 1944.892 | C209: 1491.862 | D209: 35.461 | E209: 70.298 | F209: 89.835 | G209: 515.244 | H209: 76.748 | I209: 135.622 | J209: 21.89 | K209: 57.975 | L209: 38.39 | M209: 30.153 | N209: 238.59 | O209: 98.476 | P209: 151.739 | Q209: 113.952 | R209: 119.921 | S209: 80.783 | T209: 50.695 | U209: 51.052 | V209: 509.073 | W209: 50.46 | X209: 32.724 | Y209: 158.029 | Z209: =SUM(B209:Y209) -> 6163.864
A210: 46082 | B210: 1942.29 | C210: 1490.031 | D210: 34.787 | E210: 69.993 | F210: 89.736 | G210: 514.873 | H210: 76.176 | I210: 135.447 | J210: 21.734 | K210: 57.605 | L210: 38.234 | M210: 29.317 | N210: 238.082 | O210: 97.656 | P210: 152.859 | Q210: 114.117 | R210: 119.388 | S210: 81.004 | T210: 50.703 | U210: 50.938 | V210: 508.97 | W210: 49.7 | X210: 32.344 | Y210: 158.425 | Z210: =SUM(B210:Y210) -> 6154.409
... A212: 46143 | B212: 1935.431 | C212: 1482.175 | D212: 34.614 | E212: 69.339 | F212: 89.453 | G212: 513.214 | H212: 75.946 | I212: 135.15 | J212: 21.773 | K212: 57.168 | L212: 38.202 | M212: 29.292 | N212: 237.495 | O212: 96.54 | P212: 154.415 | Q212: 114.595 | R212: 119.184 | S212: 81.621 | T212: 50.726 | U212: 50.505 | V212: 506.669 | W212: 49.803 | X212: 31.59 | Y212: 159.271 | Z212: =SUM(B212:Y212) -> 6134.171
A215: Último periodo
A216: Var. Abs | B216: =(HLOOKUP(B$3,$A$3:$Z$1724,MATCH(MAX($A$3:$A$1724),$A$3:$A$1724,0),FALSE)-HLOOKUP(B$3,$A$3:$Z$1724,MATCH(MAX($A$3:$A$1724),$A$3:$A$1724,0)-1,FALSE))*1000 -> -5046 | C216: =(HLOOKUP(C$3,$A$3:$Z$1724,MATCH(MAX($A$3:$A$1724),$A$3:$A$1724,0),FALSE)-HLOOKUP(C$3,$A$3:$Z$1724,MATCH(MAX($A$3:$A$1724),$A$3:$A$1724,0)-1,FALSE))*1000 -> -4756 | D216: =(HLOOKUP(D$3,$A$3:$Z$1724,MATCH(MAX($A$3:$A$1724),$A$3:$A$1724,0),FALSE)-HLOOKUP(D$3,$A$3:$Z$1724,MATCH(MAX($A$3:$A$1724),$A$3:$A$1724,0)-1,FALSE))*1000 -> 169 | E216: =(HLOOKUP(E$3,$A$3:$Z$1724,MATCH(MAX($A$3:$A$1724),$A$3:$A$1724,0),FALSE)-HLOOKUP(E$3,$A$3:$Z$1724,MATCH(MAX($A$3:$A$1724),$A$3:$A$1724,0)-1,FALSE))*1000 -> -341 | F216: =(HLOOKUP(F$3,$A$3:$Z$1724,MATCH(MAX($A$3:$A$1724),$A$3:$A$1724,0),FALSE)-HLOOKUP(F$3,$A$3:$Z$1724,MATCH(MAX($A$3:$A$1724),$A$3:$A$1724,0)-1,FALSE))*1000 -> 205 | G216: =(HLOOKUP(G$3,$A$3:$Z$1724,MATCH(MAX($A$3:$A$1724),$A$3:$A$1724,0),FALSE)-HLOOKUP(G$3,$A$3:$Z$1724,MATCH(MAX($A$3:$A$1724),$A$3:$A$1724,0)-1,FALSE))*1000 -> -988 | H216: =(HLOOKUP(H$3,$A$3:$Z$1724,MATCH(MAX($A$3:$A$1724),$A$3:$A$1724,0),FALSE)-HLOOKUP(H$3,$A$3:$Z$1724,MATCH(MAX($A$3:$A$1724),$A$3:$A$1724,0)-1,FALSE))*1000 -> 95 | I216: =(HLOOKUP(I$3,$A$3:$Z$1724,MATCH(MAX($A$3:$A$1724),$A$3:$A$1724,0),FALSE)-HLOOKUP(I$3,$A$3:$Z$1724,MATCH(MAX($A$3:$A$1724),$A$3:$A$1724,0)-1,FALSE))*1000 -> -49 | ... Z216: =(HLOOKUP(Z$3,$A$3:$Z$1724,MATCH(MAX($A$3:$A$1724),$A$3:$A$1724,0),FALSE)-HLOOKUP(Z$3,$A$3:$Z$1724,MATCH(MAX($A$3:$A$1724),$A$3:$A$1724,0)-1,FALSE))*1000 -> -9898
A217: Var. % | B217: =(HLOOKUP(B$3,$A$3:$Z$1724,MATCH(MAX($A$3:$A$1724),$A$3:$A$1724,0),FALSE)/HLOOKUP(B$3,$A$3:$Z$1724,MATCH(MAX($A$3:$A$1724),$A$3:$A$1724,0)-1,FALSE))-1 -> -0.0026003916 | C217: =(HLOOKUP(C$3,$A$3:$Z$1724,MATCH(MAX($A$3:$A$1724),$A$3:$A$1724,0),FALSE)/HLOOKUP(C$3,$A$3:$Z$1724,MATCH(MAX($A$3:$A$1724),$A$3:$A$1724,0)-1,FALSE))-1 -> -0.0031985344 | D217: =(HLOOKUP(D$3,$A$3:$Z$1724,MATCH(MAX($A$3:$A$1724),$A$3:$A$1724,0),FALSE)/HLOOKUP(D$3,$A$3:$Z$1724,MATCH(MAX($A$3:$A$1724),$A$3:$A$1724,0)-1,FALSE))-1 -> 0.0049063725 | E217: =(HLOOKUP(E$3,$A$3:$Z$1724,MATCH(MAX($A$3:$A$1724),$A$3:$A$1724,0),FALSE)/HLOOKUP(E$3,$A$3:$Z$1724,MATCH(MAX($A$3:$A$1724),$A$3:$A$1724,0)-1,FALSE))-1 -> -0.0048938002 | F217: =(HLOOKUP(F$3,$A$3:$Z$1724,MATCH(MAX($A$3:$A$1724),$A$3:$A$1724,0),FALSE)/HLOOKUP(F$3,$A$3:$Z$1724,MATCH(MAX($A$3:$A$1724),$A$3:$A$1724,0)-1,FALSE))-1 -> 0.0022969702 | G217: =(HLOOKUP(G$3,$A$3:$Z$1724,MATCH(MAX($A$3:$A$1724),$A$3:$A$1724,0),FALSE)/HLOOKUP(G$3,$A$3:$Z$1724,MATCH(MAX($A$3:$A$1724),$A$3:$A$1724,0)-1,FALSE))-1 -> -0.0019214239 | H217: =(HLOOKUP(H$3,$A$3:$Z$1724,MATCH(MAX($A$3:$A$1724),$A$3:$A$1724,0),FALSE)/HLOOKUP(H$3,$A$3:$Z$1724,MATCH(MAX($A$3:$A$1724),$A$3:$A$1724,0)-1,FALSE))-1 -> 0.0012524555 | I217: =(HLOOKUP(I$3,$A$3:$Z$1724,MATCH(MAX($A$3:$A$1724),$A$3:$A$1724,0),FALSE)/HLOOKUP(I$3,$A$3:$Z$1724,MATCH(MAX($A$3:$A$1724),$A$3:$A$1724,0)-1,FALSE))-1 -> -0.00036242872 | ... Z217: =(HLOOKUP(Z$3,$A$3:$Z$1724,MATCH(MAX($A$3:$A$1724),$A$3:$A$1724,0),FALSE)/HLOOKUP(Z$3,$A$3:$Z$1724,MATCH(MAX($A$3:$A$1724),$A$3:$A$1724,0)-1,FALSE))-1 -> -0.0016109845 | AA217: =+COUNTIF(B217:Y217,"<"&0) -> 14 | AB217: =+COUNTIF(B217:Y217,">"&0) -> 10
A218: Contribución a la variación | B218: =B216/$Z$216 -> 0.50979996 | C218: =C216/$Z$216 -> 0.48050111 | D218: =D216/$Z$216 -> -0.017074156 | E218: =E216/$Z$216 -> 0.034451404 | F218: =F216/$Z$216 -> -0.020711255 | G218: =G216/$Z$216 -> 0.099818145 | H218: =H216/$Z$216 -> -0.0095978986 | I218: =I216/$Z$216 -> 0.004950495 | ... Z218: =Z216/$Z$216 -> 1
A219: =_xlfn.CONCAT("Composición: ",MONTH(A212),"/",YEAR(A212)) -> Composición: 5/2026 | B219: =B212/$Z$212 -> 0.31551631 | C219: =C212/$Z$212 -> 0.24162597 | D219: =D212/$Z$212 -> 0.0056428163 | E219: =E212/$Z$212 -> 0.011303728 | F219: =F212/$Z$212 -> 0.014582737 | G219: =G212/$Z$212 -> 0.083664769 | H219: =H212/$Z$212 -> 0.012380809 | I219: =I212/$Z$212 -> 0.022032317 | ... Z219: =Z212/$Z$212 -> 1
B221: =(B208-B196)*1000 -> -23798 | C221: =(C208-C196)*1000 -> -21656 | D221: =(D208-D196)*1000 -> -4024 | E221: =(E208-E196)*1000 -> -3433 | F221: =(F208-F196)*1000 -> -6524 | G221: =(G208-G196)*1000 -> -4064 | H221: =(H208-H196)*1000 -> -3264 | I221: =(I208-I196)*1000 -> -495 | ... Z221: =(Z208-Z196)*1000 -> -92812

Sheet A.4
A1: Remuneración de las personas con empleo asalariado registrado en el sector privado
A3: Período | B3: Remuneración mediana - con estacionalidad | C3: Remuneración mediana - sin estacionalidad | D3: Remuneración promedio - con estacionalidad | E3: Remuneración promedio - sin estacionalidad | G3: IPC | H3: IPC (jun2026=1) | J3: Remuneración real promedio | K3: Índice (Mayo 2013=100)
A4: 39814 | B4: 2050 | C4: 2044.8298 | D4: 2907.11 | E4: 2744.8792 | G4: 17.141532 | H4: =G4/HLOOKUP($G$3,$G$3:$G$1996,MATCH(MAX($A$4:$A$1996),$A$3:$A$1996,0),FALSE) -> 0.0012385544 | J4: =E4/H4 -> 2216195.9 | K4: =J4/$J$56*100 -> 83.187554
A5: 39845 | B5: 2014.08 | C5: 2085.6938 | D5: 2791.44 | E5: 2786.5769 | G5: 17.234321 | H5: =G5/HLOOKUP($G$3,$G$3:$G$1996,MATCH(MAX($A$4:$A$1996),$A$3:$A$1996,0),FALSE) -> 0.0012452589 | J5: =E5/H5 -> 2237749.1 | K5: =J5/$J$56*100 -> 83.99658 | L5: =J5/J4-1 -> 0.0097253249
A6: 39873 | B6: 2025.53 | C6: 2088.6965 | D6: 2869.86 | E6: 2766.5194 | G6: 17.500304 | H6: =G6/HLOOKUP($G$3,$G$3:$G$1996,MATCH(MAX($A$4:$A$1996),$A$3:$A$1996,0),FALSE) -> 0.0012644774 | J6: =E6/H6 -> 2187875.7 | K6: =J6/$J$56*100 -> 82.124522 | L6: =J6/J5-1 -> -0.02228731
A7: 39904 | B7: 2157.8 | C7: 2202.6622 | D7: 2885.72 | E7: 2843.0851 | G7: 17.736811 | H7: =G7/HLOOKUP($G$3,$G$3:$G$1996,MATCH(MAX($A$4:$A$1996),$A$3:$A$1996,0),FALSE) -> 0.0012815661 | J7: =E7/H7 -> 2218445.9 | K7: =J7/$J$56*100 -> 83.272011 | L7: =J7/J6-1 -> 0.013972551
A8: 39934 | B8: 2223.66 | C8: 2226.0818 | D8: 2886.88 | E8: 2872.2171 | G8: 17.842093 | H8: =G8/HLOOKUP($G$3,$G$3:$G$1996,MATCH(MAX($A$4:$A$1996),$A$3:$A$1996,0),FALSE) -> 0.0012891732 | J8: =E8/H8 -> 2227952.9 | K8: =J8/$J$56*100 -> 83.628866 | L8: =J8/J7-1 -> 0.0042854121
A9: 39965 | B9: 3263.85 | C9: 2254.3335 | D9: 4245.81 | E9: 2929.1251 | G9: 17.930368 | H9: =G9/HLOOKUP($G$3,$G$3:$G$1996,MATCH(MAX($A$4:$A$1996),$A$3:$A$1996,0),FALSE) -> 0.0012955515 | J9: =E9/H9 -> 2260909.9 | K9: =J9/$J$56*100 -> 84.865945 | L9: =J9/J8-1 -> 0.014792488
A10: 39995 | B10: 2277.19 | C10: 2250.1767 | D10: 2991.46 | E10: 2952.6057 | G10: 18.098288 | H10: =G10/HLOOKUP($G$3,$G$3:$G$1996,MATCH(MAX($A$4:$A$1996),$A$3:$A$1996,0),FALSE) -> 0.0013076845 | J10: =E10/H10 -> 2257888.5 | K10: =J10/$J$56*100 -> 84.752535 | L10: =J10/J9-1 -> -0.0013363501
A11: 40026 | B11: 2286.15 | C11: 2290.6753 | D11: 3026.88 | E11: 3011.0942 | G11: 18.364577 | H11: =G11/HLOOKUP($G$3,$G$3:$G$1996,MATCH(MAX($A$4:$A$1996),$A$3:$A$1996,0),FALSE) -> 0.001326925 | J11: =E11/H11 -> 2269227 | K11: =J11/$J$56*100 -> 85.17814 | L11: =J11/J10-1 -> 0.0050217476
A12: 40057 | B12: 2322 | C12: 2287.6536 | D12: 3112.32 | E12: 3055.625 | G12: 18.547668 | H12: =G12/HLOOKUP($G$3,$G$3:$G$1996,MATCH(MAX($A$4:$A$1996),$A$3:$A$1996,0),FALSE) -> 0.0013401542 | J12: =E12/H12 -> 2280054.7 | K12: =J12/$J$56*100 -> 85.58457 | L12: =J12/J11-1 -> 0.0047715271
A13: 40087 | B13: 2334.71 | C13: 2319.5343 | D13: 3135.62 | E13: 3098.8429 | G13: 18.836944 | H13: =G13/HLOOKUP($G$3,$G$3:$G$1996,MATCH(MAX($A$4:$A$1996),$A$3:$A$1996,0),FALSE) -> 0.0013610557 | J13: =E13/H13 -> 2276793.5 | K13: =J13/$J$56*100 -> 85.462158 | L13: =J13/J12-1 -> -0.0014303014
A14: 40118 | B14: 2321.91 | C14: 2366.8629 | D14: 3110.03 | E14: 3143.7464 | G14: 19.075259 | H14: =G14/HLOOKUP($G$3,$G$3:$G$1996,MATCH(MAX($A$4:$A$1996),$A$3:$A$1996,0),FALSE) -> 0.0013782751 | J14: =E14/H14 -> 2280928.1 | K14: =J14/$J$56*100 -> 85.617353 | L14: =J14/J13-1 -> 0.0018159471
A15: 40148 | B15: 3501.62 | C15: 2397.5879 | D15: 4723.81 | E15: 3221.0164 | G15: 19.531014 | H15: =G15/HLOOKUP($G$3,$G$3:$G$1996,MATCH(MAX($A$4:$A$1996),$A$3:$A$1996,0),FALSE) -> 0.0014112055 | J15: =E15/H15 -> 2282457.3 | K15: =J15/$J$56*100 -> 85.674755 | L15: =J15/J14-1 -> 0.00067043975
A16: 40179 | B16: 2481.36 | C16: 2496.8014 | D16: 3468.61 | E16: 3289.2635 | G16: 19.94611 | H16: =G16/HLOOKUP($G$3,$G$3:$G$1996,MATCH(MAX($A$4:$A$1996),$A$3:$A$1996,0),FALSE) -> 0.0014411981 | J16: =E16/H16 -> 2282311.9 | K16: =J16/$J$56*100 -> 85.669295 | L16: =J16/J15-1 -> -6.3718367e-05
... A181: 45200 | B181: 365339.03 | C181: 367431.18 | D181: 473146.3 | E181: 473835.73 | G181: 2921.2833 | H181: =G181/HLOOKUP($G$3,$G$3:$G$1996,MATCH(MAX($A$4:$A$1996),$A$3:$A$1996,0),FALSE) -> 0.21107614 | J181: =E181/H181 -> 2244857 | K181: =J181/$J$56*100 -> 84.263381 | L181: =J181/J180-1 -> 0.010468253
A182: 45231 | B182: 404394.81 | C182: 408000.15 | D182: 521738.97 | E182: 524281.44 | G182: 3295.52 | H182: =G182/HLOOKUP($G$3,$G$3:$G$1996,MATCH(MAX($A$4:$A$1996),$A$3:$A$1996,0),FALSE) -> 0.23811646 | J182: =E182/H182 -> 2201785.8 | K182: =J182/$J$56*100 -> 82.646653 | L182: =J182/J181-1 -> -0.019186603 | O182: =J182/$J$182-1 -> 0
A183: 45261 | B183: 647022.48 | C183: 451256.98 | D183: 841141.56 | E183: 585529.77 | G183: 4134.7462 | H183: =G183/HLOOKUP($G$3,$G$3:$G$1996,MATCH(MAX($A$4:$A$1996),$A$3:$A$1996,0),FALSE) -> 0.29875441 | J183: =E183/H183 -> 1959903.4 | K183: =J183/$J$56*100 -> 73.567308 | L183: =J183/J182-1 -> -0.10985738 | O183: =J183/$J$182-1 -> -0.10985738
A184: 45292 | B184: 547920.4 | C184: 554893.24 | D184: 756220.42 | E184: 716563.43 | G184: 4987.0921 | H184: =G184/HLOOKUP($G$3,$G$3:$G$1996,MATCH(MAX($A$4:$A$1996),$A$3:$A$1996,0),FALSE) -> 0.36034031 | J184: =E184/H184 -> 1988574.1 | K184: =J184/$J$56*100 -> 74.6435 | L184: =J184/J183-1 -> 0.014628664 | O184: =J184/$J$182-1 -> -0.096835781
A185: 45323 | B185: 618024.2 | C185: 616522.16 | D185: 858706.94 | E185: 809114.25 | G185: 5647.4168 | H185: =G185/HLOOKUP($G$3,$G$3:$G$1996,MATCH(MAX($A$4:$A$1996),$A$3:$A$1996,0),FALSE) -> 0.40805181 | J185: =E185/H185 -> 1982871.4 | K185: =J185/$J$56*100 -> 74.429439 | L185: =J185/J184-1 -> -0.0028677666 | O185: =J185/$J$182-1 -> -0.099425845
A186: 45352 | B186: 681345.43 | C186: 689801.45 | D186: 948558.53 | E186: 892067.03 | G186: 6269.1804 | H186: =G186/HLOOKUP($G$3,$G$3:$G$1996,MATCH(MAX($A$4:$A$1996),$A$3:$A$1996,0),FALSE) -> 0.45297709 | J186: =E186/H186 -> 1969342.5 | K186: =J186/$J$56*100 -> 73.921617 | L186: =J186/J185-1 -> -0.0068228711 | O186: =J186/$J$182-1 -> -0.10557035
A187: 45383 | B187: 786197.45 | C187: 776844.29 | D187: 1056040.4 | E187: 1001368.6 | G187: 6822.8695 | H187: =G187/HLOOKUP($G$3,$G$3:$G$1996,MATCH(MAX($A$4:$A$1996),$A$3:$A$1996,0),FALSE) -> 0.49298367 | J187: =E187/H187 -> 2031240.9 | K187: =J187/$J$56*100 -> 76.245048 | L187: =J187/J186-1 -> 0.031431014 | O187: =J187/$J$182-1 -> -0.077457516
A188: 45413 | B188: 826587.81 | C188: 815258.68 | D188: 1076243.6 | E188: 1062869.1 | G188: 7107.8149 | H188: =G188/HLOOKUP($G$3,$G$3:$G$1996,MATCH(MAX($A$4:$A$1996),$A$3:$A$1996,0),FALSE) -> 0.51357228 | J188: =E188/H188 -> 2069560.9 | K188: =J188/$J$56*100 -> 77.683433 | L188: =J188/J187-1 -> 0.018865288 | M188: =J188/J182-1 -> -0.060053486 | N188: =J188/J56-1 -> -0.22316567 | O188: =J188/$J$182-1 -> -0.060053486
A189: 45444 | B189: 1258840.1 | C189: 878383.84 | D189: 1627774.7 | E189: 1138107 | G189: 7433.1442 | H189: =G189/HLOOKUP($G$3,$G$3:$G$1996,MATCH(MAX($A$4:$A$1996),$A$3:$A$1996,0),FALSE) -> 0.53707882 | J189: =E189/H189 -> 2119068.8 | K189: =J189/$J$56*100 -> 79.541772 | L189: =J189/J188-1 -> 0.023921948 | M189: =J189/J182-1 -> -0.037568134 | N189: =J189/J56-1 -> -0.20458228 | O189: =J189/$J$182-1 -> -0.037568134
A190: 45474 | B190: 934748 | C190: 940532.79 | D190: 1219882 | E190: 1209040.1 | G190: 7732.7694 | H190: =G190/HLOOKUP($G$3,$G$3:$G$1996,MATCH(MAX($A$4:$A$1996),$A$3:$A$1996,0),FALSE) -> 0.55872811 | J190: =E190/H190 -> 2163914.9 | K190: =J190/$J$56*100 -> 81.225123 | L190: =J190/J189-1 -> 0.021163102 | M190: =J190/J182-1 -> -0.01720009 | N190: =J190/J56-1 -> -0.18774877 | O190: =J190/$J$182-1 -> -0.01720009
A191: 45505 | B191: 969111.23 | C191: 961229.76 | D191: 1259287.4 | E191: 1266249.1 | G191: 8055.4016 | H191: =G191/HLOOKUP($G$3,$G$3:$G$1996,MATCH(MAX($A$4:$A$1996),$A$3:$A$1996,0),FALSE) -> 0.58203978 | J191: =E191/H191 -> 2175537.1 | K191: =J191/$J$56*100 -> 81.661377 | L191: =J191/J190-1 -> 0.0053709251 | M191: =J191/J182-1 -> -0.011921546 | N191: =J191/J56-1 -> -0.18338623 | O191: =J191/$J$182-1 -> -0.011921546
A192: 45536 | B192: 1000000 | C192: 1006146.8 | D192: 1304720.7 | E192: 1313622.7 | G192: 8334.8603 | H192: =G192/HLOOKUP($G$3,$G$3:$G$1996,MATCH(MAX($A$4:$A$1996),$A$3:$A$1996,0),FALSE) -> 0.60223195 | J192: =E192/H192 -> 2181257.2 | K192: =J192/$J$56*100 -> 81.876086 | L192: =J192/J191-1 -> 0.0026292638 | M192: =J192/J182-1 -> -0.0093236269 | N192: =J192/J56-1 -> -0.18123914 | O192: =J192/$J$182-1 -> -0.0093236269
A193: 45566 | B193: 1063668.8 | C193: 1062550.4 | D193: 1377016.8 | E193: 1378014.5 | G193: 8559.2129 | H193: =G193/HLOOKUP($G$3,$G$3:$G$1996,MATCH(MAX($A$4:$A$1996),$A$3:$A$1996,0),FALSE) -> 0.61844245 | J193: =E193/H193 -> 2228201.6 | K193: =J193/$J$56*100 -> 83.638201 | L193: =J193/J192-1 -> 0.021521734 | M193: =J193/$J$182-1 -> 0.011997446 | N193: =J193/J56-1 -> -0.16361799 | O193: =J193/$J$182-1 -> 0.011997446
A194: 45597 | B194: 1077032.6 | C194: 1089115 | D194: 1411221.7 | E194: 1428508.5 | G194: 8766.907 | H194: =G194/HLOOKUP($G$3,$G$3:$G$1996,MATCH(MAX($A$4:$A$1996),$A$3:$A$1996,0),FALSE) -> 0.63344931 | J194: =E194/H194 -> 2255126.8 | K194: =J194/$J$56*100 -> 84.648872 | L194: =J194/J193-1 -> 0.012083844 | M194: =J194/$J$182-1 -> 0.024226266 | N194: =J194/J56-1 -> -0.15351128 | O194: =J194/$J$182-1 -> 0.024226266
A195: 45627 | B195: 1640493.3 | C195: 1138971.8 | D195: 2126399.7 | E195: 1474932.6 | G195: 9003.9733 | H195: =G195/HLOOKUP($G$3,$G$3:$G$1996,MATCH(MAX($A$4:$A$1996),$A$3:$A$1996,0),FALSE) -> 0.65057843 | J195: =E195/H195 -> 2267109.6 | K195: =J195/$J$56*100 -> 85.098659 | L195: =J195/J194-1 -> 0.0053135504 | M195: =J195/$J$182-1 -> 0.029668544 | N195: =J195/$J$56-1 -> -0.14901341 | O195: =J195/$J$182-1 -> 0.029668544
A196: 45658 | B196: 1160615.2 | C196: 1176167.1 | D196: 1597652.4 | E196: 1514221.5 | G196: 9203.0554 | H196: =G196/HLOOKUP($G$3,$G$3:$G$1996,MATCH(MAX($A$4:$A$1996),$A$3:$A$1996,0),FALSE) -> 0.66496304 | J196: =E196/H196 -> 2277151.3 | K196: =J196/$J$56*100 -> 85.475589 | L196: =J196/J195-1 -> 0.0044293362 | M196: =J196/$J$182-1 -> 0.034229292 | N196: =J196/$J$56-1 -> -0.14524411 | O196: =J196/$J$182-1 -> 0.034229292
A197: 45689 | B197: 1159755.5 | C197: 1198003.8 | D197: 1595766.6 | E197: 1553131.7 | G197: 9424.0785 | H197: =G197/HLOOKUP($G$3,$G$3:$G$1996,MATCH(MAX($A$4:$A$1996),$A$3:$A$1996,0),FALSE) -> 0.68093297 | J197: =E197/H197 -> 2280887.7 | K197: =J197/$J$56*100 -> 85.615838 | L197: =J197/J196-1 -> 0.0016408116 | M197: =J197/$J$182-1 -> 0.035926267 | N197: =J197/$J$56-1 -> -0.14384162 | O197: =J197/$J$182-1 -> 0.035926267
A198: 45717 | B198: 1202429.9 | C198: 1220824.2 | D198: 1676933.4 | E198: 1581568 | G198: 9775.534 | H198: =G198/HLOOKUP($G$3,$G$3:$G$1996,MATCH(MAX($A$4:$A$1996),$A$3:$A$1996,0),FALSE) -> 0.70632724 | J198: =E198/H198 -> 2239143.5 | K198: =J198/$J$56*100 -> 84.048918 | L198: =J198/J197-1 -> -0.018301759 | M198: =J198/$J$182-1 -> 0.016966994 | N198: =J198/$J$56-1 -> -0.15951082 | O198: =J198/$J$182-1 -> 0.016966994
A199: 45748 | B199: 1231190.6 | C199: 1216197.7 | D199: 1682470.3 | E199: 1591558 | G199: 10047.376 | H199: =G199/HLOOKUP($G$3,$G$3:$G$1996,MATCH(MAX($A$4:$A$1996),$A$3:$A$1996,0),FALSE) -> 0.72596905 | J199: =E199/H199 -> 2192322.2 | K199: =J199/$J$56*100 -> 82.291424 | L199: =J199/J198-1 -> -0.020910365 | M199: =J199/$J$182-1 -> -0.0042981566 | N199: =J199/$J$56-1 -> -0.17708576 | O199: =J199/$J$182-1 -> -0.0042981566
A200: 45778 | B200: 1252643.5 | C200: 1240369.3 | D200: 1636412.7 | E200: 1625592.5 | G200: 10198.198 | H200: =G200/HLOOKUP($G$3,$G$3:$G$1996,MATCH(MAX($A$4:$A$1996),$A$3:$A$1996,0),FALSE) -> 0.73686663 | J200: =E200/H200 -> 2206087.8 | K200: =J200/$J$56*100 -> 82.808134 | L200: =J200/J199-1 -> 0.006279016 | M200: =J200/$J$182-1 -> 0.0019538712 | N200: =J200/$J$56-1 -> -0.17191866 | O200: =J200/$J$182-1 -> 0.0019538712
A201: 45809 | B201: 1871281.4 | C201: 1302370.7 | D201: 2423360.1 | E201: 1683240.4 | G201: 10363.299 | H201: =G201/HLOOKUP($G$3,$G$3:$G$1996,MATCH(MAX($A$4:$A$1996),$A$3:$A$1996,0),FALSE) -> 0.74879595 | J201: =E201/H201 -> 2247929.3 | K201: =J201/$J$56*100 -> 84.378706 | L201: =J201/J200-1 -> 0.018966397 | M201: =J201/$J$182-1 -> 0.020957326 | N201: =J201/$J$56-1 -> -0.15621294 | O201: =J201/$J$182-1 -> 0.020957326
A202: 45839 | B202: 1317518.6 | C202: 1320734.1 | D202: 1745114 | E202: 1725658.2 | G202: 10560.376 | H202: =G202/HLOOKUP($G$3,$G$3:$G$1996,MATCH(MAX($A$4:$A$1996),$A$3:$A$1996,0),FALSE) -> 0.76303568 | J202: =E202/H202 -> 2261569.4 | K202: =J202/$J$56*100 -> 84.890704 | L202: =J202/J201-1 -> 0.0060678594 | M202: =J202/$J$182-1 -> 0.027152351 | N202: =J202/$J$56-1 -> -0.15109296
A203: 45870 | B203: 1344440.6 | C203: 1345411.9 | D203: 1751317 | E203: 1766214.8 | G203: 10758.467 | H203: =G203/HLOOKUP($G$3,$G$3:$G$1996,MATCH(MAX($A$4:$A$1996),$A$3:$A$1996,0),FALSE) -> 0.77734865 | J203: =E203/H203 -> 2272101.2 | K203: =J203/$J$56*100 -> 85.286026 | L203: =J203/J202-1 -> 0.0046568357 | M203: =J203/$J$182-1 -> 0.031935631 | N203: =J203/$J$56-1 -> -0.14713974
A204: 45901 | B204: 1355602.1 | C204: 1354772.4 | D204: 1788882 | E204: 1799935.6 | G204: 10981.808 | H204: =G204/HLOOKUP($G$3,$G$3:$G$1996,MATCH(MAX($A$4:$A$1996),$A$3:$A$1996,0),FALSE) -> 0.7934861 | J204: =E204/H204 -> 2268389.6 | K204: =J204/$J$56*100 -> 85.146707 | L204: =J204/J203-1 -> -0.0016335461 | M204: =J204/$J$182-1 -> 0.030249917 | N204: =J204/$J$56-1 -> -0.14853293
A205: 45931 | B205: 1391747.5 | C205: 1393710.8 | D205: 1832053.9 | E205: 1835703 | G205: 11238.996 | H205: =G205/HLOOKUP($G$3,$G$3:$G$1996,MATCH(MAX($A$4:$A$1996),$A$3:$A$1996,0),FALSE) -> 0.81206909 | J205: =E205/H205 -> 2260525.6 | K205: =J205/$J$56*100 -> 84.851521 | L205: =J205/J204-1 -> -0.0034667936 | M205: =J205/$J$182-1 -> 0.026678253 | N205: =J205/$J$56-1 -> -0.15148479
A206: 45962 | B206: 1393622 | C206: 1423344.7 | D206: 1845030 | E206: 1878741.2 | G206: 11516.927 | H206: =G206/HLOOKUP($G$3,$G$3:$G$1996,MATCH(MAX($A$4:$A$1996),$A$3:$A$1996,0),FALSE) -> 0.83215091 | J206: =E206/H206 -> 2257692.8 | K206: =J206/$J$56*100 -> 84.745191 | L206: =J206/J205-1 -> -0.0012531287 | M206: =J206/$J$182-1 -> 0.025391693 | N206: =J206/$J$56-1 -> -0.15254809
A207: 45992 | B207: 2145000 | C207: 1476742 | D207: 2798896.7 | E207: 1935463.6 | G207: 11844.615 | H207: =G207/HLOOKUP($G$3,$G$3:$G$1996,MATCH(MAX($A$4:$A$1996),$A$3:$A$1996,0),FALSE) -> 0.85582787 | J207: =E207/H207 -> 2261510.3 | K207: =J207/$J$56*100 -> 84.888485 | L207: =J207/J206-1 -> 0.0016908805 | M207: =J207/$J$182-1 -> 0.027125508 | N207: =J207/$J$56-1 -> -0.15111515
A208: 46023 | B208: 1504021.3 | C208: 1521143.1 | D208: 2096955.1 | E208: 1992106.7 | G208: 12185.932 | H208: =G208/HLOOKUP($G$3,$G$3:$G$1996,MATCH(MAX($A$4:$A$1996),$A$3:$A$1996,0),FALSE) -> 0.88048957 | J208: =E208/H208 -> 2262498.9 | K208: =J208/$J$56*100 -> 84.925593 | L208: =J208/J207-1 -> 0.00043713542 | M208: =J208/$J$182-1 -> 0.027574501 | N208: =J208/$J$56-1 -> -0.15074407
A209: 46054 | B209: 1510851.5 | C209: 1558054.7 | D209: 2100894.8 | E209: 2040115.4 | G209: 12538.875 | H209: =G209/HLOOKUP($G$3,$G$3:$G$1996,MATCH(MAX($A$4:$A$1996),$A$3:$A$1996,0),FALSE) -> 0.90599136 | J209: =E209/H209 -> 2251804.5 | K209: =J209/$J$56*100 -> 84.524164 | L209: =J209/J208-1 -> -0.0047268338 | M209: =J209/$J$182-1 -> 0.022717327 | N209: =J209/$J$56-1 -> -0.15475836
A210: 46082 | B210: 1537634.5 | C210: 1556744.5 | D210: 2172295.8 | E210: 2047876.9 | G210: 12963.018 | H210: =G210/HLOOKUP($G$3,$G$3:$G$1996,MATCH(MAX($A$4:$A$1996),$A$3:$A$1996,0),FALSE) -> 0.93663762 | J210: =E210/H210 -> 2186413.3 | K210: =J210/$J$56*100 -> 82.069627 | L210: =J210/J209-1 -> -0.029039471 | M210: =J210/$J$182-1 -> -0.0069818437 | N210: =J210/$J$56-1 -> -0.17930373
A211: 46113 | B211: 1602236.9 | C211: 1589456.2 | D211: 2230849.5 | E211: 2105619.2 | G211: 13297.747 | H211: =G211/HLOOKUP($G$3,$G$3:$G$1996,MATCH(MAX($A$4:$A$1996),$A$3:$A$1996,0),FALSE) -> 0.96082329 | J211: =E211/H211 -> 2191474 | K211: =J211/$J$56*100 -> 82.259587 | L211: =J211/J210-1 -> 0.0023146275 | M211: =J211/$J$182-1 -> -0.0046833766 | N211: =J211/$J$56-1 -> -0.17740413
A212: 46143 | B212: 1606773 | C212: 1608342 | D212: 2121005.1 | E212: 2116946.4 | G212: 13583.644 | H212: =G212/HLOOKUP($G$3,$G$3:$G$1996,MATCH(MAX($A$4:$A$1996),$A$3:$A$1996,0),FALSE) -> 0.98148072 | J212: =E212/H212 -> 2156890.5 | K212: =J212/$J$56*100 -> 80.961455 | L212: =J212/J211-1 -> -0.015780929 | M212: =J212/$J$182-1 -> -0.020390398 | N212: =J212/$J$56-1 -> -0.19038545
A213: 46174 | E213: =J213 -> 2156890.5 | G213: 13839.95 | H213: =G213/HLOOKUP($G$3,$G$3:$G$1996,MATCH(MAX($A$4:$A$1996),$A$3:$A$1996,0),FALSE) -> 1 | J213: =J212*(1+L214) -> 2156890.5 | K213: =J213/$J$56*100 -> 80.961455 | L213: -0.009 | M213: =J213/$J$182-1 -> -0.020390398 | N213: =J213/$J$56-1 -> -0.19038545
I216: MAX | J216: =MAX(J4:J211) -> 2664095.5
J217: =J208/J216-1 -> -0.15074407
